kata_tidak_baku,kata_normal
adaaa,ada
adaaaaaa,ada
adaaaa,ada
adaaaaa,ada
adabbb,adab
adeee,adik
adekkk,adik
ade,adik
adek,adik
dedek,adik
adillll,adil
adilll,adil
aduannn,aduan
aduannnnnn,aduan
adeuhhhhh,aduh
adoohhhh,aduh
aduuuu,aduh
aduuuh,aduh
aduuuhhh,aduh
aduhhhh,aduh
aduhhhhh,aduh
aduhhh,aduh
aduuhhh,aduh
hadahhhh,aduh
hadehhhhh,aduh
hadeeeeh,aduh
hadeeehhhhhh,aduh
hadehhhhhhhh,aduh
hadehhhhhh,aduh
hadeeeh,aduh
hadehhhh,aduh
hadehhh,aduh
hadeuhhhhhh,aduh
hadeuuuuh,aduh
hadeuhhh,aduh
haduhhhhhhhh,aduh
haduuuuh,aduh
haduhhhhhhhhh,aduh
haduhhhh,aduh
haduuhhhh,aduh
hdeehhh,aduh
hdeeehh,aduh
hdhhhhh,aduh
hedehhhhhh,aduh
hedeeehh,aduh
hadehhhhadehhhhadehhhh,aduh
agaaaaa,agak
agakkk,agak
agamaaaaaa,agama
agamaaaah,agama
agendaaa,agenda
airrrrr,air
airnyaaaaaaaaaaaaaaaaaaaaaaaaaaaaaaaaaaaaaaaaaa,airnya
ajaaa,aja
ajaaaaaa,aja
ajaaaaaaaa,aja
ajaaaaaaaaaaa,aja
ajaaaa,aja
ajaaaaa,aja
ajeeeeeee,aja
ajeeee,aja
ajeee,aja
ajaib,ajaib
ajalahhh,ajalah
ajalahhhh,ajalah
ajasihhh,ajasih
akhlakkk,akhlak
akrabbb,akrab
aktingnyaaa,aktingnya
akunnn,akun
akurrr,akur
alahhhh,alah
alaaaah,alah
alllah,alah
alahhh,alah
halahhh,alah
halaaaahhhhh,alah
halaaah,alah
helehhh,alah
alllahh,alah
alasannn,alasan
aldyyy,aldy
aliassss,alias
amaaattttt,amat
amattt,amat
amattttt,amat
amazonnn,amazon
ambillll,ambil
amburadulll,amburadul
aaamiin,amiin
aaamiiiinnn,amin
aminnn,amin
amittttt,amit
ampaaass,ampas
ampuhhhhhh,ampuh
ampunnnn,ampun
ampunnn,ampun
ampuuunn,ampun
anakkk,anak
anaaak,anak
ank,anak
anaknyaaa,anaknya
anknyaaa,anaknya
anehhhhhhh,aneh
anehhhh,aneh
anehhh,aneh
aneeehh,aneh
weirdddd,aneh
angkaattt,angkat
ajiggggg,anjing
ajigggg,anjing
ajiggg,anjing
ajjggggggggg,anjing
ajjggg,anjing
anjgggggg,anjing
anjgggg,anjing
anjjjjjggg,anjing
anjjjjjjjggg,anjing
anjggggggggggg,anjing
anjjjggggg,anjing
anjggggg,anjing
anjgggggggggg,anjing
anjggggggg,anjing
anjggggggggggggggg,anjing
anjggg,anjing
anjjjg,anjing
anjjjjggg,anjing
anjgggggggggggg,anjing
anjggggggggg,anjing
anjgggggggg,anjing
anjggfff,anjing
anjgggghhhhh,anjing
anjgggggghgggg,anjing
anjggghh,anjing
anjgggghhggahqhwbwwj,anjing
anjglahhhh,anjing
anjgggggglah,anjing
anjggggglah,anjing
anjgggvgg,anjing
anjggggws,anjing
anjigggggggg,anjing
anjiggggggg,anjing
anjiggg,anjing
anjigggg,anjing
anjiiiiig,anjing
anjigggghhh,anjing
anjiingggggg,anjing
anjiinnnggg,anjing
anjiinggg,anjing
anjiingggggggg,anjing
anjiingggg,anjing
anjjjjiing,anjing
anjiinkkk,anjing
anjiinnggggg,anjing
ajggggg,anjing
ajggg,anjing
ajgggg,anjing
aaajggg,anjing
ajgggggggggg,anjing
ajgggggg,anjing
ajjjjgggggg,anjing
amjinggg,anjing
amjinkkkkk,anjing
amjinkkkj,anjing
anjeenggggg,anjing
anjeenggg,anjing
anjeennnnggggggg,anjing
anjeenggggggg,anjing
anjeengggg,anjing
anjjjjeenggg,anjing
anjeennggggg,anjing
anjeennggg,anjing
anjeeelng,anjing
anjeeeeeenggggg,anjing
anjeeeeeeeng,anjing
anjengggggggggggg,anjing
anjengggggg,anjing
anjjjeeenggg,anjing
anjeeeeengggggg,anjing
anjenggggggggggggggg,anjing
anjengggggggg,anjing
anjeeeeeeeeeeeeeeeng,anjing
anjeeeeengggggggggggggg,anjing
anjeeeeeng,anjing
anjeeeennngggg,anjing
anjeeenggggg,anjing
anjenggggg,anjing
anjeeeng,anjing
anjeeeeengggggggg,anjing
anjeeeeenggggg,anjing
anjeeengggggg,anjing
anjeeenggg,anjing
anjeeeeeeeeeeng,anjing
anjengggggggggg,anjing
anjeeeeengggg,anjing
anjenggggggggggggg,anjing
anjeeeeeeengggggggggggg,anjing
anjenggggggggggg,anjing
anjeeeeng,anjing
anjengggg,anjing
anjeeennnnggg,anjing
anjenggggggggg,anjing
anjeeeenggggg,anjing
anjeeennngggg,anjing
anjeeeeeennngggg,anjing
anjeeeeeeenggggggggg,anjing
anjeeengggg,anjing
anjenggg,anjing
anjeeenggggggggg,anjing
anjenggggggg,anjing
anjeeeengggg,anjing
anjenggggf,anjing
anjengggff,anjing
anjenggggfggggggg,anjing
anjeeeengg,anjing
anjeeengg,anjing
anjeeengggkkkkkkk,anjing
anjeeeenhhh,anjing
anjenkkkkkkkkk,anjing
anjenkkkkk,anjing
anjeeenkkk,anjing
anjenkkkkkk,anjing
anjenkkkk,anjing
anjenkkk,anjing
anjenkkkkkkk,anjing
anjeeeeenngggggggg,anjing
anjenngggg,anjing
anjeeenngggg,anjing
anjenngggggg,anjing
anjeeeeenngff,anjing
aajiinggggggg,anjing
ajggggggg,anjing
anjingggggg,anjing
anjinnnggg,anjing
aaaaaaaaaaaaanjing,anjing
anjingggggggggggg,anjing
anjinggggg,anjing
anjiiinggggggg,anjing
anjiiiiinggggggggggg,anjing
anjiiiiiiing,anjing
anjiiing,anjing
anjinggggggggggggggggg,anjing
anjiiiiing,anjing
anjiiingggggg,anjing
anjiiiing,anjing
anjinnnngggg,anjing
anjingggggggggg,anjing
anjinggggggggggg,anjing
anjiiiinggggg,anjing
anjingggggggggggggg,anjing
anjinggg,anjing
anjingggggggggggggggg,anjing
anjiiinggggg,anjing
anjiiinggg,anjing
anjjjinggg,anjing
anjingggggggg,anjing
anjinggggggggggggggggggggggggggggggggggggggggggggggggggggggggggggggggggggggggggggggggggggggggggggggggggggggggggggggggggggggggggggggggggggggggggggggggggggggggggggggggggggggggggggggggggggggggggggggggggggggggggggggggggggggggggggggggggggggggggggggggggggggggggggggggggggggggggggggggggg,anjing
anjiiiingggggg,anjing
anjingggg,anjing
anjinggggggggggggggggggg,anjing
anjinggggggggggggg,anjing
anjinggggggggg,anjing
anjiiiinggg,anjing
aaaannnjjjjiiiinnnngggggggggggggggg,anjing
anjiiingggg,anjing
aaaaaaaaaannnnnnnnjjjjjjjjiiiiiiiinnnnnnggggggggggg,anjing
anjinggggggggggggggggggggggggggggggggggggggggggggggggggggggggggg,anjing
anjiiiiiiiiiiinggggg,anjing
anjiiiiinggggg,anjing
anjingggggggggggggggggggggg,anjing
anjjjjjjiiiiiiinnnnnnggggg,anjing
anjiiiiingggggggg,anjing
anjiiiingggg,anjing
anjinggggggg,anjing
anjiiiiiiiiiiiiiiiiiiiiiiiiiiiiiiiing,anjing
anjinggggggggf,anjing
anjinggggggfffff,anjing
anjingggggff,anjing
anjiiingg,anjing
anjiiiingg,anjing
anjiiiiiiingghhh,anjing
anjingghhhhhh,anjing
anjingghhh,anjing
anjingggggh,anjing
anjingggghhhh,anjing
anjinggghhh,anjing
anjinggghhhhh,anjing
anjingggh,anjing
anjinghgggg,anjing
anjingggggggggghggg,anjing
anjinggghgg,anjing
anjinggghh,anjing
anjinggggghhgggg,anjing
anjingkkkkkk,anjing
anjingggkk,anjing
anjinglahhh,anjing
anjingngggggg,anjing
anjingggggy,anjing
anjinhggg,anjing
anjiiiinkkkk,anjing
anjinkkkkkkk,anjing
anjiiiiink,anjing
anjiiiiiiink,anjing
anjinkkk,anjing
anjinkkkkkk,anjing
anjinkkkkk,anjing
anjinkkkkkkkk,anjing
aaaannnjiiiiiinnnkkkkkk,anjing
anjinnnkkkkk,anjing
anjinkkkk,anjing
anjiiink,anjing
anjjjjink,anjing
anjinkkkkhhggg,anjing
anjinngggg,anjing
anjinnggggggggg,anjing
anjinnggggg,anjing
anjiiiinnggg,anjing
anjinngggggg,anjing
anjinnggggggg,anjing
anjiiiinnggggg,anjing
anjinnggggggggggg,anjing
anjjeengggggg,anjing
anjjeeeengggggg,anjing
anjjeeeenggg,anjing
anjjgggg,anjing
anjjggggg,anjing
anjjggg,anjing
annnjjiinggg,anjing
anjjingggggggg,anjing
anjjiiing,anjing
anjjinggggg,anjing
anjjingggggggggggg,anjing
anjjnggggg,anjing
anjjnnnk,anjing
anjnenggggkkkkk,anjing
anjngggggg,anjing
anjnggg,anjing
anjnggggg,anjing
anjnggggggggggggg,anjing
anjngggg,anjing
anjngggggggfgg,anjing
anjnigggg,anjing
anjnkkkkk,anjing
anjweeengggg,anjing
anjwengggggg,anjing
anjwenggg,anjing
anjwingggggg,anjing
anjwinhhhhhhhh,anjing
anyengggg,anjing
anyenggg,anjing
anyggg,anjing
anyiinnkkk,anjing
anyinggg,anjing
anyiiiingggg,anjing
anyinggggggg,anjing
anyinggggggggggg,anjing
anyiiing,anjing
anyiiinggg,anjing
anyingggg,anjing
anyingggggggggggggggg,anjing
anyinggggg,anjing
anyiiiing,anjing
anyingggggg,anjing
anyiiingggg,anjing
anyiiingbukannya,anjing
anyingghhhh,anjing
anyinggggggh,anjing
anyinhhh,anjing
anyinhgggggg,anjing
anyinkkkkkkk,anjing
anyinkkkkkkkkkkkkkkkkkkkkkkkkkkkkk,anjing
anyinkkk,anjing
anyinkkkkkk,anjing
anykkk,anjing
anziingggg,anjing
anzinggggg,anjing
anzingggggg,anjing
anzinggg,anjing
anziiinnnggggggg,anjing
anzingkkkkk,anjing
anzinkkk,anjing
anzziinggg,anjing
jingggggg,anjing
jinggg,anjing
jinggggg,anjing
jingggg,anjing
jinggggggg,anjing
jinkkkk,anjing
jinkkkkk,anjing
jinkkk,anjing
jinkkmkkkk,anjing
jyeeeenggg,anjing
njenkkk,anjing
njenngggg,anjing
njggg,anjing
njiggg,anjing
njiiiingggg,anjing
njingggg,anjing
njinggggg,anjing
njinggg,anjing
njinkkk,anjing
njinkkkk,anjing
njinkkkkkkkkkkkkkkk,anjing
nyiiing,anjing
qnjinnng,anjing
suuasuuu,anjing
uasuuu,anjing
uwanjingggg,anjing
uwashuuuuu,anjing
wanjeeeengggg,anjing
wasuuu,anjing
waaaaasuuuuuu,anjing
ajgggggggggggg,anjing
ajgggggggg,anjing
anjingg,anjing
anj,anjing
anjj,anjing
anjg,anjing
anying,anjing
anjeng,anjing
ajg,anjing
ajgg,anjing
asu,anjing
asuu,anjing
anjjjj,anjing
wanjirrrr,anjir
anjrit,anjir
anjlokkk,anjlok
antriiiii,antri
antriiiiii,antri
apaaaa,apa
apaaaaaa,apa
apaaaaaaa,apa
apaaaaa,apa
apaaaaaaaa,apa
apaaa,apa
apeee,apa
apeeeeee,apa
ape,apa
apaannn,apa
apaaaan,apa
apaaannn,apa
apaaan,apa
apasiiiiii,apa
apaaannnn,apa
whattttt,apa
whatttt,apa
whaaattt,apa
whattt,apa
whtttt,apa
apk,aplikasi
aseemmm,asam
asemmm,asam
aseeeemm,asam
aseeek,asik
asikkk,asik
asingggggggg,asing
aseliii,asli
asliiii,asli
asliiiii,asli
asliii,asli
asliiiiiii,asli
astagaaaaa,astaga
astagaaaaaa,astaga
astagaaaaaaa,astaga
astagaaa,astaga
astagaaaa,astaga
astagahhh,astaga
astaggaaaa,astaga
asoeee,asu
assuuuuu,asu
asuuuuuuuu,asu
asuuuuu,asu
asuuu,asu
asuuuuuuu,asu
asuuuuuuuuu,asu
aaasu,asu
asuuuuuu,asu
asuuuuuuuuuuuuu,asu
asuuuuuuuuuu,asu
asuuuu,asu
assssuuuuuuuuu,asu
asuuuuuuuuuuuuuuuuuuuuuuuuuuuuuuuuuuuuuuuuuuuuuuuuuuuuuuuuuuuuuuuuuuuuuuuuuuu,asu
assssuuuuuuuu,asu
asuuui,asu
asuuukkk,asu
asuuuk,asu
asuuuwwww,asu
asuuuuuuuuuuuy,asu
aswwwww,asu
asssw,asu
aswww,asu
asyuuuuu,asu
asyuuuu,asu
asyuuuuuuu,asu
asyuuu,asu
oasuuu,asu
atuhhhh,atuh
awallllllllllllllll,awal
awalll,awal
ayammmmmm,ayam
yuk,ayo
ayooo,ayo
yuuu,ayo
yukkk,ayo
yukkkkk,ayo
babbbbbbb,bab
babbiiii,babi
babbiiiiiiii,babi
baaaaabbiiiiiiii,babi
babbikkkkkkkk,babi
babiii,babi
baaabiiii,babi
babiiiiiiiiiii,babi
babiiiii,babi
babiiiiiiiii,babi
babiiiiii,babi
babiiiiiiiiiiiiii,babi
babiiiiiiii,babi
babiiiiiiiiii,babi
babiiii,babi
babiiiiiii,babi
babieee,babi
babiekkk,babi
babbbii,babi
babiikkkk,babi
babiikkkkk,babi
babiikkk,babi
babiikkkm,babi
babiiikkkk,babi
babikkkkkk,babi
babikkkkkkk,babi
babikkk,babi
babiiiikkk,babi
babiiiiikkk,babi
babiiiik,babi
babikkkk,babi
babikkkkkkkkkk,babi
babiiiikkkk,babi
babikkkkk,babi
bbiii,babi
bwaabbikkkkk,babi
babik,babi
babuuu,babu
babyyyyyy,baby
bacaaa,baca
bacaaaaaa,baca
bacotttt,bacot
bacooootttttt,bacot
bacottt,bacot
bacooooootttt,bacot
bacoootttt,bacot
bacottttt,bacot
basyoootttttttttt,bacot
bctttt,bacot
buacottt,bacot
badannnnn,badan
baduttt,badut
gmn,bagaimana
gimaanaaa,bagaimana
gimanaaaaa,bagaimana
gimanaaaaaa,bagaimana
gimanaaaa,bagaimana
gimanaaa,bagaimana
gimaneee,bagaimana
gimnaaa,bagaimana
gmnnn,bagaimana
gmnaaa,bagaimana
piyeee,bagaimana
gmna,bagaimana
gimanasihhh,bagaimanasih
bagiiiii,bagi
bgian,bagian
bagonggg,bagong
bagusss,bagus
bahagiaaaa,bahagia
bahasss,bahas
baikkk,baik
baikkkk,baik
badjingannnnnn,bajingan
badjingannn,bajingan
badjingannnnn,bajingan
badjingannnnnnnn,bajingan
badjingaaaan,bajingan
bajingan,bajingan
bajibgannnnn,bajingan
bajingaannnn,bajingan
bajingannn,bajingan
bajingaaaaan,bajingan
bajingaaaaaaaan,bajingan
bajingaaaannn,bajingan
bajingaaannnnn,bajingan
bajingannnnnn,bajingan
bajingaaaaannn,bajingan
bajingannnnnnn,bajingan
bajingaaannnn,bajingan
bajingaaaaaaaaaaaaaan,bajingan
bajingannnnn,bajingan
bajingaaaan,bajingan
bajingannnnnnnn,bajingan
bajingaaaannnnnnn,bajingan
bajingannnn,bajingan
bajingaaaannnn,bajingan
bajingaaaannnnnnnnnnnnnn,bajingan
bajingaaannn,bajingan
bajingaaan,bajingan
bajingannnnnnnnnnnnnnnnnnnn,bajingan
bajinggaaaannnnn,bajingan
bajjngannnnnn,bajingan
bajngnnn,bajingan
banjdingannnnnnnnnnnnn,bajingan
bazengannnnn,bajingan
bjinggg,bajingan
bjingaannn,bajingan
bjingannnnnnnn,bajingan
bjinganhhh,bajingan
bjngannn,bajingan
buadjingannnnnnn,bajingan
buadjingaaaannn,bajingan
buadjingaaannnnnnn,bajingan
buadjjingaaann,bajingan
buajingannnn,bajingan
buaaajjjiiiinngaaaannnnnnn,bajingan
byajingannnn,bajingan
jingannn,bajingan
jingggannn,bajingan
jingaaan,bajingan
jingann,bajingan
bajing,bajingan
baksoooo,bakso
baliii,bali
balikkk,balik
banggg,bang
baaang,bang
banggghhh,bang
bangeetttt,banget
bangeetttttt,banget
bangeettttt,banget
bangeettt,banget
babgettt,banget
bgt,banget
bangettttt,banget
bangeeettttttt,banget
bangetttttttt,banget
bangettt,banget
bangeeeettttttt,banget
bangeeetttttt,banget
bangettttttttt,banget
bangeeeettt,banget
bangeeeet,banget
bangeeeeeettttttt,banget
bangeeet,banget
bangetttt,banget
bangetttttttttt,banget
bangeeetttt,banget
bangeeettt,banget
bangettttttt,banget
bangetttttt,banget
bangttt,banget
bangggt,banget
bbgtttt,banget
bgttttt,banget
bgttt,banget
bgttttttttttttttttttt,banget
bgttttttt,banget
bgtttttttt,banget
bgtttt,banget
bgtttttt,banget
bgtttttttttt,banget
bingiiiiiitsszzzz,banget
bngettt,banget
bnggttt,banget
bngttt,banget
bngtttt,banget
bngttttt,banget
bsngettt,banget
bgtt,banget
bngt,banget
bangett,banget
bangkaiiiiiiiii,bangkai
buangkeeee,bangke
buangkeee,bangke
bamgsatttttt,bangsat
banfsattttt,bangsat
bangsaattt,bangsat
bangsaattttttt,bangsat
bangsaatttttttt,bangsat
bangsaatttt,bangsat
bangsaattttt,bangsat
bangsaatttttt,bangsat
bangsaattttttttt,bangsat
bangsaaadddd,bangsat
bangsadddddd,bangsat
bangsaaaddd,bangsat
bangsadddd,bangsat
bangsaddd,bangsat
baangsaaat,bangsat
babgsatttt,bangsat
bangsaaatttt,bangsat
bangsatttttttt,bangsat
bangsaaaat,bangsat
bangsaaaattttt,bangsat
bangsatttttttttt,bangsat
bangsaaaatttttt,bangsat
bangsattttttttttttt,bangsat
bangsaaattt,bangsat
bangsaaat,bangsat
bangsatttttt,bangsat
bangsaaattttt,bangsat
bangsaaaattttttt,bangsat
bangsaaattttttt,bangsat
bangsaaaaaaaat,bangsat
bangsattttttt,bangsat
bangsattttttttt,bangsat
bangsatttt,bangsat
bangsaaaaattttt,bangsat
bangsaaatttttt,bangsat
bangsatttttttttttt,bangsat
bangsattttttttttt,bangsat
bangsattttt,bangsat
bangsaaaaaaaaat,bangsat
bangsatttttttttttttt,bangsat
bangsaaaattt,bangsat
bangsattt,bangsat
bangsattttg,bangsat
bangsatttttr,bangsat
bangsatttsss,bangsat
bangsaaatt,bangsat
bangsaaaaaaay,bangsat
bangshaaattttt,bangsat
bangshitttttttt,bangsat
bangsttt,bangsat
bangstttt,bangsat
bangssst,bangsat
bangsttttt,bangsat
bangsulll,bangsat
bangsyatttt,bangsat
banhsattt,bangsat
bgsattttttttt,bangsat
bgsssssaaatttt,bangsat
bgsatttt,bangsat
bgsddd,bangsat
bgsdddd,bangsat
bgsddddd,bangsat
bgsttt,bangsat
bgsttttttttttttt,bangsat
bgstttttttt,bangsat
bgsttttttt,bangsat
bgstttttt,bangsat
bgsttttttttt,bangsat
bgstttttttttt,bangsat
bgsttttt,bangsat
bgstttt,bangsat
bngsattt,bangsat
bngsddddd,bangsat
bngssttttt,bangsat
bngsstttttt,bangsat
bngstttttttttt,bangsat
bngsttt,bangsat
bngsttttt,bangsat
bngstttt,bangsat
bsgsaattt,bangsat
bsgttt,bangsat
buaangasaattt,bangsat
saaat,bangsat
sattt,bangsat
sattttt,bangsat
satttt,bangsat
saaattt,bangsat
vengsetttt,bangsat
bgst,bangsat
bangunnnnnn,bangun
banguuunnn,bangun
banjarmasinnn,banjarmasin
bantuuuu,bantu
bantuuu,bantu
heellppp,bantu
heelllpppp,bantu
hellppp,bantu
helppppppppppppp,bantu
heeelp,bantu
helppppppppp,bantu
helppp,bantu
helppppp,bantu
helpppp,bantu
helpppppp,bantu
helppppppp,bantu
bantuinnnn,bantuin
bantuuuin,bantuin
banyaakkkkkkkkkk,banyak
byk,banyak
banyakkkkk,banyak
banyakkkk,banyak
banyaaak,banyak
banyakkk,banyak
banyakkkkkk,banyak
buanyakkk,banyak
seabrekkk,banyak
bnyk,banyak
bapaaa,bapak
bapakkk,bapak
bapakkkkkk,bapak
bapakkkk,bapak
bokap,bapak
bokappp,bapak
bapaknyaaa,bapaknya
bapeeettt,bapet
bapukkkk,bapuk
brg,barang
barangnyaaa,barangnya
barenggggggg,bareng
baruuu,baru
batasannnnn,batasan
bauuu,bau
bayanginnn,bayangin
bayarrrr,bayar
bayarrr,bayar
bayiiiii,bayi
beballlll,bebal
beballll,bebal
bebannnnn,beban
bbrp,beberapa
becandanyaaaa,becandanya
bedaaa,beda
beginiiiii,begini
beginiiii,begini
beginiii,begini
bginiiii,begini
beginiaaan,beginian
bgtu,begitu
begituuuuuu,begitu
begituuu,begitu
begituannn,begituan
begooooo,bego
begoooo,bego
begooo,bego
egeeeeeee,bego
egeee,bego
begokkkkkkk,bego
begonyaaaaa,begonya
behhhhhhhhhh,beh
bejaddd,bejad
bejirrr,bejir
bejirrrrr,bejir
benjirrr,bejir
bejirlahhh,bejirlah
belagunyeee,belagunya
belajaarrr,belajaar
belajarrr,belajar
belakanggg,belakang
blkg,belakang
belasssss,belas
beliiii,beli
beliiiii,beli
beliii,beli
blm,belum
blmmmm,belum
bennn,ben
bnr,benar
bener,benar
benarrrr,benar
benciiiii,benci
benciii,benci
benciiii,benci
benciiiiii,benci
bnciiiiiiiii,benci
buenciiiiii,benci
benefitttt,benefit
benerrrrrr,bener
benerrr,bener
bnerrrr,bener
benerannnn,beneran
benerannnnnnnnnn,beneran
benerannn,beneran
bneran,beneran
benerinnn,benerin
bengkakkkk,bengkak
bentaarrttt,bentar
beraakkk,berak
berakkk,berak
beraaakkkkk,berak
berakkkkk,berak
berakkkkkk,berak
berakkkkkkkkk,berak
berakkkk,berak
berangkattt,berangkat
brngkt,berangkat
braniii,berani
berantemmm,berantem
brp,berapa
berapaaaa,berapa
beraaasss,beras
beraattt,berat
berattt,berat
berattttttttt,berat
beratttttt,berat
brattt,berat
berbedaaa,berbeda
ngomong,berbicara
berbulanbulaannn,berbulan-bulan
berdarahhh,berdarah
berdosaaa,berdosa
berduaaa,berdua
berduitttt,berduit
berdukaaa,berduka
berencanaaa,berencana
brengsegggg,berengsek
brengsekkkkkk,berengsek
brengsekkk,berengsek
brengsekkkkkkk,berengsek
brengsekkkkkkkkkkkkkk,berengsek
brengseeeeek,berengsek
brengsekkkkkkkk,berengsek
brengsekkkk,berengsek
brengseeekkkkkkkkkkkkkk,berengsek
brengsekkkkk,berengsek
brengsekkkkkm,berengsek
brengshaaake,berengsek
beresssss,beres
bergetarrrr,bergetar
berhargaaa,berharga
berhasilll,berhasil
berhentiiiiiiiiiii,berhenti
berisiiiikkkkkkkkk,berisik
berisikkkkk,berisik
berisikkk,berisik
beritaaa,berita
berjalannnya,berjalanya
bermaksuddd,bermaksud
bermunculannnnn,bermunculan
berobattt,berobat
berondongggg,berondong
bersamaaaa,bersama
bersetubuuuhhhh,bersetubuh
bersihhh,bersih
bersyukuuuurrrr,bersyukur
bersyukurrr,bersyukur
nanyaaa,bertanya
nanyaaaaa,bertanya
nanyaaaaaa,bertanya
berukkk,beruk
besarrrrr,besar
besarrrrrr,besar
besarrr,besar
gedeee,besar
gedeeeeee,besar
guedeee,besar
gede,besar
beserrr,beser
beserannn,beseran
bsk,besok
besokkkk,besok
bessttt,best
bbbbest,best
bettt,bet
betttt,bet
betahhh,betah
beteeeeeeeee,bete
beteeeee,bete
beteeee,bete
betinaaaa,betina
betulll,betul
betullll,betul
bgettt,bget
bggttt,bggt
biadabbbb,biadab
biadabbb,biadab
biadabbbbbbbbbbb,biadab
biadaaaabbbbbbvb,biadab
biadapppp,biadab
biadapppppo,biadab
biasaaa,biasa
biasanyaaaa,biasanya
blg,bilang
bimbangggggg,bimbang
bimbangggg,bimbang
binatangggggggggggg,binatang
bingunggg,bingung
bingggung,bingung
bingungggggg,bingung
bingungggg,bingung
birrrr,bir
bs,bisa
bisaaaaaaa,bisa
bisaaaaaa,bisa
bisssa,bisa
bisaaaaa,bisa
bisaaaa,bisa
bisaaa,bisa
bisanyaaaaa,bisanya
blendernyaaaa,blendernya
bloook,blok
blokkk,blok
boardingggg,boarding
bobrokkk,bobrok
bocahhh,bocah
bocorrrrrrrr,bocor
bocorrr,bocor
bodohhhhh,bodoh
bodooooh,bodoh
bodohhh,bodoh
bodohhhh,bodoh
bodooo,bodoh
boong,bohong
bokeeeeep,bokep
bokeppp,bokep
boleee,boleh
bolehhhh,boleh
boollleehhh,boleh
bolotttt,bolot
booommmmmm,bom
boommm,bom
bonyokkkkkk,bonyok
bosss,bos
bossss,bos
bosennn,bosen
brooo,bro
broooooooooo,bro
brouuu,bro
bruhhh,bro
buuuu,bu
buuu,bu
buattt,buat
buatankuuu,buatanku
budekkk,budek
budiiiiiiiii,budi
budrekkkkkkkk,budrek
bujangggg,bujang
bujangggggggggggggg,bujang
bujukkk,bujuk
bukannnnnnnnnnnnnnnnnn,bukan
bukannnn,bukan
bukaaan,bukan
bukannn,bukan
bkn,bukan
bknn,bukan
buktinyaaa,buktinya
bulannn,bulan
bulannnnn,bulan
bln,bulan
bullshittt,bullshit
bullly,bully
bumbleeee,bumble
bumbunyaaaaa,bumbunya
bumiii,bumi
buncittt,buncit
bundaaa,bunda
bungaanyaaaa,bunganya
buseettttttt,buset
buseettt,buset
buseeeet,buset
busetttt,buset
busettt,buset
busetttttt,buset
buseeettt,buset
seetdaaah,busetdah
bosokkkkk,busuk
bosokkk,busuk
busukkkkk,busuk
busuukkk,busuk
buttt,but
picekkkkkk,buta
puicekkk,buta
butuhhhh,butuh
butuhhh,butuh
butuuhhhh,butuh
byeeeeeeee,bye
byeee,bye
caboeellll,cabul
cabulll,cabul
cabuuull,cabul
cabuttt,cabut
cacingggg,cacing
cakeppppppppppp,cakep
cannn,can
cantikkk,cantik
cantikkkk,cantik
capeeeeee,capek
capeeeee,capek
capeeeeeee,capek
capeeee,capek
capeee,capek
capeekkk,capek
capekkkkkkk,capek
capeeek,capek
capeeeekkk,capek
capeeeek,capek
capekkkkkkkk,capek
capeeekkk,capek
capekkk,capek
capekkkkk,capek
capekkkk,capek
capeeeekkkkkk,capek
capekkkkkk,capek
capeeeekkkk,capek
capeeeeeek,capek
capeeeekkkkk,capek
capekkkkkkkkk,capek
capeeeekk,capek
capeeekk,capek
cuapekkkk,capek
cape,capek
capeknyaaa,capeknya
caperrrrrrr,caper
caraaa,cara
caraanyaaa,caranya
caranyaaa,caranya
caranyaaaaa,caranya
cariiii,cari
cashhh,cash
cashhhhhhhhhhh,cash
cebokkkknyaaaaaaaaaaa,ceboknya
celanaaa,celana
cepattt,cepat
cepeeettt,cepat
cepettt,cepat
cpettttt,cepet
cerahhh,cerah
ceritaaa,cerita
chaaat,chat
chatttt,chat
chubbyyy,chubby
cicakkk,cicak
cieee,cie
cintaaaaa,cinta
closeeeeeeee,close
cobaaaa,coba
cobaaa,coba
coiiii,coi
coiiiii,coi
coiii,coi
couyyyyy,coi
coyyyyy,coi
coyyy,coi
coooyyy,coi
coooyyyy,coi
coegggg,cok
coeeegggg,cok
cokkkkkkkkkkk,cok
coookkkkkkk,cok
cooookkk,cok
coookkkk,cok
cooook,cok
cokkkkkkkkkk,cok
cokkkkk,cok
cokkkkkkkk,cok
coooookkk,cok
cokkkkkkkkk,cok
coooook,cok
cooookkkk,cok
cokkkkkkk,cok
coookkkkkk,cok
coook,cok
cokkkkkk,cok
cokkkk,cok
cokkk,cok
coookk,cok
cookkk,cok
cookkkkk,cok
cookkkk,cok
cookkkkkkk,cok
complainnn,complain
confesss,confess
crazyyyy,crazy
craaaazyyyy,crazy
creatorrr,creator
crushinnnn,crushin
cubiittttt,cubit
cuciii,cuci
cukkkkk,cuk
cukkk,cuk
cukkkk,cuk
cuokkk,cuk
cuokkkk,cuk
cukiiiii,cuki
cukupppp,cukup
cmn,cuma
cm,cuma
cumaaa,cuma
cumaaaa,cuma
cumaaaan,cuma
cupuuu,cupu
curhattt,curhat
curiiiii,curi
curtisss,curtis
cutiii,cuti
cuyyy,cuy
cuyyyyyyyy,cuy
cuuuuy,cuy
daebakkk,daebak
daftaarrr,daftar
daftarrr,daftar
daahhh,dah
daahhhhhh,dah
daahhhh,dah
dahhhhhh,dah
dahhhh,dah
dahhhhh,dah
dahhh,dah
daaaah,dah
daaahhh,dah
dahlahhhh,dahlah
dahlahhh,dahlah
dahhhhhu,dahu
dajjalll,dajal
dakjalll,dajal
dlm,dalam
dammmnnn,damn
damnnnnn,damn
damnnn,damn
dayummmm,damn
demmm,damn
deeemmmn,damn
deymmmmm,damn
deymmm,damn
deymmmm,damn
dannnnnn,dan
daaan,dan
dannn,dan
dannnn,dan
ans,dan
dpt,dapat
dapettt,dapat
dpttt,dapat
darahhh,darah
dr,dari
dri,dari
dariduluuu,dari dulu
darimanaaaaaa,darimana
dasarrrr,dasar
dasarrr,dasar
dtg,datang
datenggg,datang
daonnnn,daun
dehhhhh,deh
dehhhh,deh
dehhh,deh
dekkk,dek
deketttt,deket
deketinnn,deketin
demiii,demi
demiiii,demi
demiapasihhh,demi apasih
dgn,dengan
dg,dengan
dengannn,dengan
dgr,dengar
dengerrr,denger
dengernyaaaa,dengernya
depaan,depan
derrr,der
derrrr,der
detailsss,details
dewasaaa,dewasa
dewasaaaaaa,dewasa
diii,di
dmn,di mana
dimanaaa,di mana
dimanaaaa,di mana
dipakeeeeeee,di pakai
dipakeee,di pakai
diaaaaa,dia
diaaaa,dia
diaaaaaaaaaaaa,dia
diaaa,dia
dieeeee,dia
dianyaaa,dianya
dibahassss,dibahas
dibatalinnn,dibatalin
dibayarrr,dibayar
dibayarrrrr,dibayar
dibayarrrr,dibayar
dibelayyyyy,dibelai
dibiarinnnnn,dibiarin
diblockkk,diblock
diblokkk,diblock
dibuangggggtg,dibuang
dicintaiiiiii,dicintai
dicuriiii,dicuri
diemmmm,diem
diemmmmmm,diem
diemmmmm,diem
difollowinnn,difollowin
digiiinin,diginiin
digittt,digit
digitttt,digit
digubrisss,digubris
digulunggggg,digulung
dihhhh,dih
dihhhhhhhh,dih
dihhh,dih
dihhhhh,dih
dikasurrr,dikasur
dikemanainnnnnn,dikemanain
dikerjaiiin,dikerjain
dikiittt,dikiit
dikittt,dikit
dikitttt,dikit
dikumpulinnnnnnn,dikumpulin
dilirikkk,dilirik
dimaafinnn,dimaafin
dimauuuuuuuuuu,dimau
dinyalainnn,dinyalain
dioplossssss,dioplos
dipersulitttt,dipersulit
dirawattttt,dirawat
diriii,diri
diriiiii,diri
disaatttt,disaat
disalahinnn,disalahin
disayanggg,disayang
diselingkuhinnn,diselingkuhin
disembahhh,disembah
disiniii,disini
disiniiii,disini
disniii,disini
disorderrr,disorder
ditahaaaannnnn,ditahan
ditambahhh,ditambah
ditanganiii,ditangani
ditipuuuu,ditipu
ditipuuu,ditipu
ditipuuuuu,ditipu
dititippp,dititip
ditutuppp,ditutup
diviralinnn,diviralin
doaanggg,doang
doangggggg,doang
doangggg,doang
doanggg,doang
doaaanggg,doang
doaaaang,doang
doanggggg,doang
dokkkkk,dok
dokternyaaaaa,dokternya
doneee,done
donggggg,dong
donnngggggg,dong
dongggggg,dong
dongggg,dong
doooong,dong
dooong,dong
donggg,dong
dungssss,dong
dontolll,dontol
dontolllll,dontol
dontolllllll,dontol
dosennn,dosen
dosennyaaa,dosennya
dramaaaaa,drama
droppp,drop
duarrrr,duar
dudeeee,dude
dudukkkk,duduk
doooohhh,duh
dooohhhh,duh
duuuh,duh
duhhhhh,duh
duhhh,duh
duhhhsmg,duh semoga
dluuuu,dulu
dlu,dulu
dl,dulu
duluuuu,dulu
duluuu,dulu
duluuuuuu,dulu
duluuuuu,dulu
dongoooooo,dungu
dongoooo,dungu
dongooooo,dungu
dongooo,dungu
dongoookkkk,dungu
duniaaaa,dunia
duniaaa,dunia
economyyyyyyy,economy
economyyyyy,economy
economyyyy,economy
ecooonooomyyyy,economy
eekkkk,eek
eekkkkkkk,eek
egoisss,egois
egoissss,egois
egoisssssss,egois
eeeh,eh
ehhhh,eh
ehhh,eh
ehhhhh,eh
eeeeh,eh
ekonomiii,ekonomi
emailnyaaa,emailnya
emng,emang
embattt,embat
emosiiiiiiii,emosi
emosiiii,emosi
emosiiiii,emosi
emosiii,emosi
emosiiiiiii,emosi
emosiiiigwwww,emosi saya
empattt,empat
enakkk,enak
enakkkk,enak
encerrrr,encer
encokkkk,encok
eneegggg,enek
enegggg,enek
erorrr,eror
errorrrrrr,eror
eventtt,event
exammmm,exam
exciteddd,excited
expecttt,expect
fakeee,fake
fanssss,fans
fiksiiiiiii,fiksi
fiktifff,fiktif
fisikaaaa,fisika
fitnahaaan,fitnahan
fiturrr,fitur
flexinggg,flexing
follbackkkkkk,follback
frrr,fr
friiikkk,freak
frennnn,friends
friendsss,friends
defakkk,fuck
faakkkk,fuck
faakkk,fuck
faakkkkk,fuck
faaagggg,fuck
faaaaaggg,fuck
fagggg,fuck
fagghhh,fuck
faaagghh,fuck
faghhhhhhh,fuck
faghhh,fuck
fakkkkk,fuck
fakkkk,fuck
fakkkkkkk,fuck
fakkk,fuck
faaaakkkkkk,fuck
faaakkkkkk,fuck
faaaakkkkk,fuck
fakkkkkkkk,fuck
faaakkkkkkk,fuck
faaaaaak,fuck
faaakkk,fuck
fakkkkkkkkk,fuck
faaakkkk,fuck
fakkkkkkkkkkk,fuck
faaakkkkk,fuck
fakkkkkk,fuck
faaaak,fuck
fakkkkkkkkkkkkk,fuck
faaaaakkk,fuck
faaaakkk,fuck
fakkkkkkkkkkkk,fuck
fakkkkkkkkkkkkkkkkkkk,fuck
fakkkkm,fuck
fckkkk,fuck
fckkk,fuck
fckkkkk,fuck
ffuuccckkk,fuck
fucckkk,fuck
fuceeeekkkk,fuck
fucekkkk,fuck
fucekkk,fuck
fuckkkk,fuck
ffffffuck,fuck
fuuuck,fuck
fuckkkkk,fuck
fuckkk,fuck
fuckkkkkkkk,fuck
fucccckkkk,fuck
fugggg,fuck
fughhh,fuck
fukkk,fuck
fak,fuck
fakk,fuck
fakkmennnn,fuck man
fakyuuuuuuuuu,fuck you
pakyuuuu,fuck you
fakyumennn,fuck you man
fuckinggg,fucking
fuckingshittt,fuckingshit
faklahhh,fucklah
fakkkkllahhh,fucklah
functioninggggggggg,functioning
gabunggg,gabung
gabutttt,gabut
gabuttt,gabut
gabuttttttttttt,gabut
gabuttttt,gabut
gacorrr,gacor
gajiannnn,gajian
galiannnya,galiannya
gampangggg,gampang
gampanggggg,gampang
gangguuuu,ganggu
gangguuuuuuu,ganggu
gappp,gap
grgr,gara-gara
gegara,gara-gara
garenggg,gareng
gasss,gas
gassss,gas
gtlllll,gatal
guatelllll,gatal
gyathellll,gatal
gateeelll,gatel
gatelllllllllllllllllll,gatel
gatelll,gatel
gathelllll,gatel
gathelllllllll,gatel
gaweeeeeeeeee,gawe
gayaaa,gaya
gayanyaaa,gayanya
gedegggg,gedek
gedeggggg,gedek
gedeggg,gedek
gedekkk,gedek
gelappp,gelap
geliii,geli
gelisaahhhh,gelisah
gemeterrr,gemeter
genapppp,genap
gendenggg,gendeng
ndutttt,gendut
geprekkkkkkkkkk,geprek
gerahhhhh,gerah
gerraaahhhh,gerah
gerakkk,gerak
geterrr,geter
gigiii,gigi
edaaaaaannnn,gila
edannnnnnn,gila
edannn,gila
edaaaan,gila
edyaannn,gila
gelooo,gila
geloooo,gila
gilaaaaaa,gila
gilaaaaa,gila
giiilaaaa,gila
gilaaa,gila
gilaaaaaaa,gila
gilaaaa,gila
gilakkk,gila
gilaaak,gila
gilakkkkk,gila
gilaaaak,gila
gilakkkk,gila
gilanyeee,gila
gileeee,gila
gileee,gila
gillaaaaaa,gila
guendengggg,gila
guilaaaaaaa,gila
sintinggg,gila
sintingggggg,gila
giniii,gini
giniiiii,gini
giniiiiiii,gini
giniiii,gini
girlll,girl
gurlll,girl
gituuu,gitu
gituuuuuuuu,gitu
gituuuu,gitu
gttt,gitu
gtuuu,gitu
gt,gitu
goooo,go
gblghhjjjj,goblok
gblkkk,goblok
gblkkkk,goblok
gbbblkjj,goblok
gblogggg,goblok
gblokkk,goblok
gblokkkkkk,goblok
gblqqq,goblok
goblogggg,goblok
goblooooggg,goblok
gobloggg,goblok
goblogggggg,goblok
gobloggggg,goblok
gobloooooog,goblok
goblokkkkk,goblok
gobloookkk,goblok
goblooookkk,goblok
goblooooook,goblok
goblokkkk,goblok
goblooookkkkkkk,goblok
goblokkkkkkkkkk,goblok
goblokkkkkk,goblok
gobloooook,goblok
goblooookkkk,goblok
gobloookkkk,goblok
goblokkk,goblok
goblokkkkkkkkk,goblok
gobloookkkkkkkkkk,goblok
goblokkkkkkkkkkkk,goblok
gobloooookkkk,goblok
gobloook,goblok
goblooook,goblok
goblokkkkkkkkkkkjjkkjn,goblok
gobloookk,goblok
gobloooookk,goblok
goblookkk,goblok
goblookkkkk,goblok
goblookkkkkkm,goblok
gobloougggg,goblok
goblougggggg,goblok
gooblokkk,goblok
guoooobloggggg,goblok
guooblookkk,goblok
ndelogokkkkk,goblok
ndlogoook,goblok
ndlogokkk,goblok
guoblogh,goblok
gokillll,gokil
gondoooook,gondok
gosongggg,gosong
gratisss,gratis
gunaaaaa,guna
gunaaa,guna
gustiiii,gusti
gustiiiiiiii,gusti
guyss,guys
gaaiiis,guys
gaesss,guys
gaessss,guys
gaiisss,guys
gaissssss,guys
gaissss,guys
gaiiisssss,guys
gaisss,guys
gaisssss,guys
gaysss,guys
geisss,guys
geeesss,guys
gesssss,guys
gessssss,guys
gesss,guys
gessss,guys
guisss,guys
guiiissss,guys
guysss,guys
guyyysss,guys
guyssss,guys
guysssss,guys
guyysss,guys
ges,guys
guyssssada,guys ada
gaisssbiar,guys biar
gaesssinfo,guys info
guyssssjd,guys jadi
haaaa,ha
haaa,ha
abissssss,habis
abissss,habis
hbs,habis
habisss,habis
habissssssssss,habis
abisss,habis
abis,habis
abisinnnnnn,habisin
hackkk,hack
haahhh,hah
hahhhhhhh,hah
hahhh,hah
haaaaaaaahhhhhhhhhhhhh,hah
hahhhhhhhhh,hah
hahhhhhh,hah
haaaahhh,hah
hahhhh,hah
hahhhhh,hah
haiii,hai
haiddd,haid
haloooo,halo
halooo,halo
halohaiii,halo hai
haluuus,halus
halussspliss,halus tolong
haluuu,halusinasi
hampirrr,hampir
ancurrr,hancur
hancurrrrrrrrrr,hancur
hangussss,hangus
cuma,hanya
cuman,hanya
hariiiii,hari
hariii,hari
hariiii,hari
harinyaaa,harinya
haruuus,harus
harusss,harus
hrus,harus
hrs,harus
harusnyaaa,harusnya
hrusnya,harusnya
hasillll,hasil
hateee,hate
hatiiiiiiii,hati
hatiiii,hati
hatiii,hati
hatihatiiii,hati-hati
hausss,haus
heee,he
heeee,he
hebatttt,hebat
hedonnn,hedon
heiiii,hei
heiii,hei
heyyyy,hei
heeey,hei
heyyyyy,hei
heyyy,hei
helloooo,hello
hellooo,hello
hellowww,hello
hellooowww,hello
hellowwwww,hello
helooooo,helo
helllowwwww,helo
heninggg,hening
heraannn,heran
herannnn,heran
heraaan,heran
herannn,heran
hiiii,hi
hiiiii,hi
hiii,hi
hidayaattttt,hidayah
idupppp,hidup
hiduppppp,hidup
hiduppp,hidup
hidupppp,hidup
hiduuuupp,hidup
iduppppp,hidup
hidupkuuuuuu,hidup saya
hidupkuhhhhh,hidup saya
hidupnyaaa,hidupnya
hidupnyyyyaaaaaaa,hidupnya
hilaanggg,hilang
hilangggg,hilang
hilangggggg,hilang
ilangggg,hilang
ilaaang,hilang
ilanggg,hilang
ilaaaanggggg,hilang
ilangggggg,hilang
hopeee,hope
hotelll,hotel
howwww,how
huuu,hu
huuuu,hu
hujattt,hujat
huluuu,hulu
hutaangggggg,hutang
hutaaanggg,hutang
utaangggg,hutang
iblisssss,iblis
iblisssssss,iblis
ibuuuu,ibu
ibuuu,ibu
mamaaaa,ibu
mamaaa,ibu
mamahhhhhh,ibu
mamahhhh,ibu
nyokap,ibu
emak,ibu
ibunyaaaa,ibunya
idiiihhh,idih
idihhhh,idih
idiihhh,idih
iiihhh,ih
iiiiih,ih
ihhhh,ih
iiih,ih
ihhh,ih
ihhhhh,ih
ihhhhhhh,ih
iiiiihh,ih
ikhlasssss,ikhlas
ikhlassss,ikhlas
iklasssss,ikhlas
iklannnn,iklan
ikuuuttt,ikut
ilfeeeeeeeel,illfeel
ilfilll,illfeel
imbasnyaaa,imbasnya
imuttt,imut
indihomeeeeee,indihome
individuuuu,individu
indonesiaaaa,indonesia
indonesiaaa,indonesia
infoooo,informasi
informatikaaaa,informatika
ingettt,inget
enggresss,inggris
pengen,ingin
pgn,ingin
pengennn,ingin
pengennnnn,ingin
pgnnnya,inginnya
pengennnyg,inginyang
ikiiii,ini
iniiiii,ini
iniiiiii,ini
iniiii,ini
iniii,ini
inihhh,ini
this,ini
inianjnggggggg,ini anjing
inibanjinkkkk,ini banjingan
inimahhhh,ini mah
perintahh,instruksi
perintah,instruksi
iriiiiiiiii,iri
iriii,iri
isss,is
iiiisss,is
isssh,is
ishhhh,is
isshhhh,is
istirahatttttttt,istirahat
itilllll,itil
itilll,itil
ituuu,itu
ituuuuuu,itu
ituuuuuuu,itu
ituuuuu,itu
ituuuu,itu
ituhhh,itu
tu,itu
that,itu
ituuuwoi,itu woi
iiyaaa,iya
iyaaa,iya
yaiyalahhh,iya iyalah
yakaannn,iyakan
yakannn,iyakan
jd,jadi
jadiii,jadi
jdiii,jadi
jdi,jadi
jagoooooo,jago
jahannaammmm,jahanam
jahattt,jahat
jakartaaaa,jakarta
jaksellll,jakarta selatan
jalannn,jalan
jalaaann,jalan
jalananjingggggg,jalan anjing
jalannnya,jalannya
jammm,jam
jm,jam
jamberrr,jam berapa
jameettttttt,jamet
jamettt,jamet
janckkk,jancok
jancokkkkkkkk,jancok
janccccokkkkkkk,jancok
jancokkkkkkkkk,jancok
jancooook,jancok
jancoook,jancok
jancoookkkkkkkkk,jancok
jancokkkkkkk,jancok
jancokkkkkk,jancok
jancokkkk,jancok
jancooookkkkkk,jancok
jancoookkkkkkk,jancok
jancokkkkk,jancok
jancooooookkkk,jancok
jancoooook,jancok
jancokkk,jancok
jancoookkkk,jancok
jancooooook,jancok
jancokkkkaka,jancok
jancokkkkkkkm,jancok
jancookkk,jancok
jancookkkkk,jancok
jancpoooook,jancok
jancullllkkkk,jancok
jancvvvvkkkk,jancok
jyancokkkkkkk,jancok
jangannn,jangan
jgn,jangan
janjiiiii,janji
jasapemulihanakunnn,jasa pemulihan akun
jatinangorrrr,jatinangor
jatuhhh,jatuh
jauuuuhhhhh,jauh
jauuuhhh,jauh
jauhhhhhhhh,jauh
jauhhhhh,jauh
jauhhh,jauh
jawaaaa,jawa
jawabbbbb,jawab
jawabbbbbb,jawab
jawabbb,jawab
jwb,jawab
jebollll,jebol
jekiiii,jeki
jelasssss,jelas
jelasss,jelas
jelasssssss,jelas
jelassss,jelas
jeelleeekkkk,jelek
jelekkkkk,jelek
jelekkkk,jelek
jelekkk,jelek
jeleeeekkkk,jelek
jeleeek,jelek
jelekkkkkk,jelek
jlekkk,jelek
jlk,jelek
jemboottt,jembut
jemboottttt,jembut
jembotttt,jembut
jemboooottttttt,jembut
jembooooooooooootttttt,jembut
jembuttt,jembut
jembuttttt,jembut
jemmbuuuuuuttttttttttttttttttttttttttttttttt,jembut
jmbuddd,jembut
jeniusss,jenius
jiamputttt,jiamput
jidatttt,jidat
jijayyy,jijik
jijikkkk,jijik
jodohhhh,jodoh
jokowii,jokowi
jongkokkk,jongkok
jorokkkkkkkkkkk,jorok
jualannn,jualan
jualannnn,jualan
juaraaaaaa,juara
juaraaa,juara
judolllll,judol
judoooool,judol
jg,juga
jugaaaa,juga
jugaaaaaa,juga
jugaaa,juga
jujurrr,jujur
jujurrrr,jujur
julidddd,julid
jumatttt,jumat
jutaaaa,juta
jutaaaaa,juta
jutaaa,juta
kabarrr,kabar
kacauuu,kacau
kacawww,kacau
kdg,kadang
kagokkk,kagok
kaahhhh,kah
kaahhh,kah
kahhh,kah
kahhhh,kah
kaaahhh,kah
kaaak,kak
kakkk,kak
kk,kakak
kalahhh,kalah
klo,kalau
kalo,kalau
kl,kalau
kalooo,kalau
kaliiiii,kali
kaliii,kali
kaliiii,kali
kaliiiiiii,kali
kaliaaaaann,kalian
kamarrr,kamar
kambingggg,kambing
kambingggggg,kambing
kampangggg,kampang
kampreetttt,kampret
kampreettt,kampret
kamprettt,kampret
kampreeet,kampret
kampuungggg,kampung
kampusss,kampus
kampusssss,kampus
elooooo,kamu
eluuu,kamu
eluuuuu,kamu
eluuuu,kamu
lu,kamu
elo,kamu
loe,kamu
lo,kamu
km,kamu
looooo,kamu
loooooooo,kamu
looo,kamu
loooo,kamu
luuuuu,kamu
luuu,kamu
luuuuuuu,kamu
luuuuuu,kamu
luuuuuuuu,kamu
luuuuuuuuu,kamu
luuuu,kamu
luuuuuuuh,kamu
luhhh,kamu
nganaaa,kamu
siaaa,kamu
siaaaaa,kamu
u,kamu
elu,kamu
you,kamu
kau,kamu
youuu,kamu
youuuu,kamu
kn,kan
kannnn,kan
kaaannnn,kan
kaaaannn,kan
kaaan,kan
kannnnn,kan
kannn,kan
kaaaaan,kan
kangennn,kangen
kanjuuut,kanjut
kantorrr,kantor
kapaannn,kapan
kpn,kapan
kapannnn,kapan
kapannnnnn,kapan
kapannn,kapan
kapannnnapakah,kapan apakah
kapokkk,kapok
kapoook,kapok
kaporittt,kaporit
kaporittttt,kaporit
krn,karena
karenaaa,karena
krna,karena
karimmmm,karim
karmaaaaaa,karma
karmanyaaaaaa,karmanya
jaryawaannnn,karyawan
karyawannn,karyawan
kasiannnnnnnnnn,kasian
kasiannn,kasian
kasiii,kasih
kasihhh,kasih
kasihhhh,kasih
kasiiiihhhh,kasih
kasihaannnnnn,kasihan
kasmarannn,kasmaran
kasurrr,kasur
katanyaaaaa,katanya
katanyaanjinxxx,katanya anjing
katanyanajisssss,katanya najis
kayaaaaaa,kaya
kayaaaa,kaya
kek,kayak
kekk,kayak
kayaginiii,kayak gini
kebawaahhh,ke bawah
kedalamnyaaaa,ke dalamnya
ngampusss,ke kampus
kerumahhhh,ke rumah
kebangetannnn,kebangetan
kbanyakannnn,kebanyakan
kebiasaaan,kebiasan
kebijakannnya,kebijakannya
kecewaaa,kecewa
kecewaaaa,kecewa
kecilll,kecil
kecillll,kecil
kecilbayiii,kecil bayi
kecoaaaaaaaaa,kecoak
kecoaaaaa,kecoak
kegatelannnnn,kegatelan
kegiatannn,kegiatan
kehidupaaan,kehidupan
kehidupannnn,kehidupan
kejammmmmm,kejam
kejengkanggg,kejengkang
kelakuannyaaaaaaaaaaaaaaaaa,kelakuannya
kelakuannnya,kelakuanya
kelaminnn,kelamin
kelarrr,kelar
kelasss,kelas
kelompokkkkk,kelompok
kelompokkkk,kelompok
kelompokkk,kelompok
kelompokkkkl,kelompok
kelopekkk,kelopek
keluarrrrrr,keluar
keluarrr,keluar
kelupaaanmasa,kelupaan masa
kmn,kemana
kemanaaa,kemana
kemanaaaa,kemana
kemanainnnnn,kemanain
kmrn,kemarin
kmrn2,kemarin
kemarinnn,kemarin
kmrnnn,kemarin
kemudiannnn,kemudian
kemudiannnnnnnn,kemudian
kenaaa,kena
kenallll,kenal
knp,kenapa
kenapaaaa,kenapa
kenapaaaaaaa,kenapa
kenapaaaaa,kenapa
kenapaaaaaa,kenapa
kenapaaaaaaaaaa,kenapa
kenapaaa,kenapa
knpaaa,kenapa
kenapeee,kenapa
knppp,kenapa
knppppp,kenapa
napaaa,kenapa
napeee,kenapa
ngapahhh,kenapa
ngapainnn,kenapa
whayyyyyyyyyy,kenapa
whyyyy,kenapa
whyyy,kenapa
whyyyyy,kenapa
kenapaasiiiiii,kenapasih
kenapasiiiiii,kenapasih
kenapasihhh,kenapasih
knpppsiiii,kenapasih
napasiii,kenapasih
kencenggg,kencang
kencengnyaaaaaa,kencangnya
kencinggg,kencing
kentoood,kentot
kentoddd,kentot
kentottttt,kentot
kentottt,kentot
kentotttttt,kentot
kentotttt,kentot
kntooottt,kentot
ngennnnn,kentot
ngeeeennnnnnnnttttttt,kentot
ngentttt,kentot
ngenttt,kentot
ngentot,kentot
ngeeentttttt,kentot
ngenttttbrjdjdkb,kentot
ngentktottt,kentot
ngentodddddd,kentot
ngentodddd,kentot
ngentoddddd,kentot
ngentodddddddddddddddddddddddddddddddddddddddd,kentot
ngentodddddddd,kentot
ngentooooood,kentot
ngentoddd,kentot
ngentoodddd,kentot
ngentootttt,kentot
ngentoottt,kentot
ngentootttttt,kentot
ngentoooottttttt,kentot
ngentooootttttttttttttt,kentot
ngentooooot,kentot
ngentoooottttt,kentot
ngentooottttttttttttt,kentot
ngennntottttttttttttt,kentot
ngentotttttttttttt,kentot
ngentottttttttttt,kentot
ngentoooooooot,kentot
ngentooottttt,kentot
ngentoooot,kentot
ngentotttttttttt,kentot
ngentottt,kentot
ngentotttttttt,kentot
ngentotttttttttttttt,kentot
ngentoootttt,kentot
ngentotttt,kentot
ngentotttttt,kentot
ngentottttttt,kentot
ngentottttt,kentot
ngentooot,kentot
ngentotddddddd,kentot
ngentottddddddddddd,kentot
ngentottty,kentot
ngentotttttttyyyygyyytttt,kentot
ngentotttttyytt,kentot
ngenttoooiddddd,kentot
ngenttotttt,kentot
ngetoddddf,kentot
ngetottt,kentot
ngnbtotttttttttttttttttttttttt,kentot
ngnetotooooo,kentot
ngntttt,kentot
ngnttttt,kentot
ngntdddd,kentot
ngntidddd,kentot
ngntoddd,kentot
ngntttttoott,kentot
ngntottt,kentot
nhentottttttt,kentot
njgrntotttttt,kentot
nngntotttt,kentot
kentutttt,kentut
kpalaaaaaaa,kepala
palaaa,kepala
palanyaaaa,kepalanya
kepencettt,kepencet
kepencetttt,kepencet
kepercayaaan,kepercayaan
keperluannn,keperluan
kepetttt,kepet
kepikiraaaannn,kepikiran
kerasss,keras
kerazzzzz,keras
kerennnnnn,keren
kerennn,keren
keretaaaaa,kereta
keretaaa,kereta
keringettttt,keringat
kerjaaa,kerja
kerjaaaaaaa,kerja
kerjaaaa,kerja
kerjaaaaa,kerja
gawe,kerja
kerjaaan,kerjaan
kesakitannn,kesakitan
keesaalllll,kesal
kesallllll,kesal
kesalll,kesal
keseelllll,kesal
keseeeeeel,kesal
keseeeelll,kesal
keselllllllllll,kesal
keseeel,kesal
keselllllllll,kesal
keselllll,kesal
kesellllllll,kesal
kesellllll,kesal
keseeeeeeellll,kesal
keselllllll,kesal
kesellll,kesal
keselll,kesal
kezalll,kesal
kesel,kesal
kzl,kesal
kesanaaaa,kesana
kesepiannn,kesepian
ketawaaaaaa,ketawa
ketawaaa,ketawa
keterangannn,keterangan
keterlaluannnnnnn,keterlaluan
ketikaaa,ketika
ketiknyaaaaa,ketiknya
ketinggalaaan,ketinggalan
ketinggalannnn,ketinggalan
ketipuuuuu,ketipu
ketipuuuu,ketipu
ketipuuu,ketipu
ketipuhhh,ketipu
khhhhhhh,kh
kimakkkk,kimak
kimakkk,kimak
kimakkkkkk,kimak
kimakkkkkkkkkkkkkkkkk,kimak
kimiaaa,kimia
kintilllll,kintil
kipasss,kipas
kiraaaa,kira
kiriiii,kiri
kitaaa,kita
knpppp,knp
kocaakkkkkkkkk,kocak
kocaakkk,kocak
kocaakkkkk,kocak
kocaaaggggggg,kocak
kocagggg,kocak
kocaggg,kocak
kocaggggg,kocak
kocakkkkkkkk,kocak
kocaaaaaaak,kocak
kocakkkkk,kocak
kocakkk,kocak
kocakkkkkkkkkkkkkkkkkkkkkkk,kocak
kocaaaaaak,kocak
kocakkkkkkk,kocak
kocakkkk,kocak
kocakkkkkkkkkkk,kocak
kocakkkkkk,kocak
kocakkkkkkkkkkkkkkkkkkkkkkkkkkkkkkkkk,kocak
kocaaakkkkkk,kocak
kocakkkkkkkkkkkkkkk,kocak
kocaaaaakkkkkkkk,kocak
kocaaakkkk,kocak
kocaaaaak,kocak
kocaaakk,kocak
kocyakkkk,kocak
kosyakkk,kocak
kucakkk,kocak
kokkk,kok
kokkkkarna,kokarena
kolottt,kolot
komeeeennn,komentar
komennn,komentar
komersilllll,komersil
konfirmasiiiiii,konfirmasi
konsepnyaaaaa,konsepnya
kontennn,konten
kntl,kontol
kmtllllll,kontol
kmtoollll,kontol
kntllllll,kontol
kntllll,kontol
kntlll,kontol
kntlllllllllllllllllll,kontol
kntolllllll,kontol
kntolll,kontol
kntollll,kontol
kntooolllll,kontol
kntolllllllll,kontol
kntoollll,kontol
kntoolllllll,kontol
knttoollll,kontol
kokontooolllll,kontol
komtilll,kontol
komtolll,kontol
komtolllll,kontol
komtooolllll,kontol
komtollllllwww,kontol
konnn,kontol
kkkkkkkkkkkoooooooooooooooonnn,kontol
koncilll,kontol
koncolll,kontol
konntttttt,kontol
kontilll,kontol
kontlooo,kontol
kontoooooo,kontol
kontoillllll,kontol
kontolllllllllllllllll,kontol
kontooooolll,kontol
kontooooollll,kontol
kontooooooooolll,kontol
kontolllllllllllllllllllllllllllllllllllllllllllllllllllllllllllllllllllllllllllllllllllllllllllllllllllllllllllllllllllllllllllllllllllllllllllllllllllllllllllllllllllllllllllllllllllllllllllllllllllllllllllllllllllllllllllllllllllllllllllllllllllllllllllllllllllllllllllllllllll,kontol
kontooooooool,kontol
kontolll,kontol
kontollllllllll,kontol
kontooollllll,kontol
kontollllllllllll,kontol
kontolllllllll,kontol
kontoooool,kontol
kontoooolll,kontol
kontooooollllll,kontol
kontoooooool,kontol
kontollllllll,kontol
kontoooolllll,kontol
kontolllll,kontol
kontoool,kontol
kontollll,kontol
kontollllllllllllllll,kontol
kontooolll,kontol
kontoooooooool,kontol
kontolllllllllllll,kontol
kontooollllllllllll,kontol
kontooooooooollllllllllllllll,kontol
kontooollll,kontol
kontooooollllllllll,kontol
kontooolllll,kontol
kontolllllllllll,kontol
kontoooooooooooooool,kontol
kontoooollllllllllllllll,kontol
kontollllllllllllll,kontol
kontolllllll,kontol
kontollllll,kontol
kooontooooollllll,kontol
kontoooollllllllll,kontol
kontooool,kontol
kontttttttoooooolllll,kontol
kontooooll,kontol
kooontoooll,kontol
kontoooooll,kontol
kontoooll,kontol
kontoollll,kontol
kontoolll,kontol
kontoolllll,kontol
kontoollllll,kontol
konttooolllll,kontol
kkkoooonnnnttollllll,kontol
konttooooooollllllllll,kontol
konttoollll,kontol
konnnttoolllll,kontol
koontoooolllll,kontol
kotnolll,kontol
kotnolllllllllllll,kontol
ktlll,kontol
kuontolll,kontol
kuontolllllll,kontol
kwontollll,kontol
kwontollllllll,kontol
kwontolllllllllllllll,kontol
kwontooollllll,kontol
ngontollll,kontol
pelerrrrrrrrrrrrr,kontol
pelerrrrrrrrrrrr,kontol
pelerrrr,kontol
pelerrr,kontol
plerrrr,kontol
kontolllllllllorangorang,kontol orang-orang
konvoiiiiii,konvoi
konyollllll,konyol
konyollll,konyol
konyolll,konyol
kopiiii,kopi
kopiiiii,kopi
korbannn,korban
victimmm,korban
korbannyaaa,korbannya
kosss,kos
kossttttttttt,kos
kotorrr,kotor
kotorrrr,kotor
kipopppp,kpop
krllllllll,krl
kuuu,ku
kuuuu,ku
kuaatttttttt,kuat
kuatttt,kuat
kuattt,kuat
kucingggg,kucing
kucinggg,kucing
kucingzzz,kucing
kudetttt,kudet
kuesionerkuuu,kuesionerku
kuliaahhh,kuliah
kuliahhh,kuliah
kuliahhhh,kuliah
kulittt,kulit
kulkasss,kulkas
kulkassss,kulkas
kumpulll,kumpul
kumuhhh,kumuh
kunciii,kunci
kuuunnnnyyyuuckkkkkk,kunyuk
kuotaaaaaaaaaa,kuota
krg,kurang
kurangggg,kurang
kuruuuuusss,kurus
kurusss,kurus
kutuannnn,kutuan
lageeee,lagi
lg,lagi
lgi,lagi
lagiiiii,lagi
lagiiiiii,lagi
lagiiiiiii,lagi
lagiiii,lagi
lagiii,lagi
lgiii,lagi
lgiiiiudh,lagi udah
laahhhh,lah
laahhhhh,lah
laahhh,lah
laaahhhhhhhhh,lah
lahhhhh,lah
lahhh,lah
laaah,lah
lahhhhhh,lah
lahhhh,lah
laaahh,lah
lahhhtapi,lah tapi
lahirrr,lahir
laennn,lain
lainnnnnn,lain
lainnnnn,lain
lainnnn,lain
lainnn,lain
lainnyaaaa,lainnya
laknatullahhhhhh,laknat
lakuinnn,lakuin
lakuinmonyettttttt,lakuin monyet
laletttt,lalat
laluuu,lalu
laamaaaa,lama
lamaaaaaa,lama
lamaaaaa,lama
lamaaa,lama
lma,lama
lelettt,lambat
leletttt,lambat
lemooot,lambat
lemotttt,lambat
langittt,langit
lgsg,langsung
lanjuttttt,lanjut
lanjuuutt,lanjut
lapaaarrrrr,lapar
laparrr,lapar
laperrr,lapar
laperrrr,lapar
laporrrr,lapor
leptoppp,laptop
lawakkkk,lawak
layakkkkk,layak
lbh,lebih
lebihhh,lebih
lebiihhhhhh,lebih
legaaaaaaaaaaaaa,lega
legaaa,lega
legaaaaa,lega
lembaaang,lembang
lembutttt,lembut
lengahhh,lengah
lesbiiiiii,lesbi
letakkkk,letak
lewattt,lewat
lewattttttrrrrrrr,lewat
liattt,liat
liatttttt,liat
liatnyeee,liatnya
liburrrrrrfghygntdvs,libur
libuurrrr,libur
liburr,libur
liburannn,liburan
liffeeeeee,life
ligaaaaaaaa,liga
lightsaberrrr,lightsaber
liat,lihat
likeee,like
liniii,lini
lhoooo,lo
lhooooo,lo
lohhh,lo
lohhhhhh,lo
lohhhh,lo
looohh,lo
loginnn,login
lokerrrr,loker
lokerrrrr,loker
lokerrr,loker
lonteeee,lonte
lorenzaaaaaaaaa,lorenza
lucunyaaaa,lucunya
ludesss,ludes
lumayannn,lumayan
lupaaa,lupa
lpa,lupa
lurusss,lurus
lusaaaaaaa,lusa
maafkan,maaf
maafff,maaf
maaffffffff,maaf
maappp,maaf
maaaf,maaf
macettttt,macet
madriddddd,madrid
maganggggg,magang
mahhhhhh,mah
maaaaaah,mah
mahhhh,mah
mahalll,mahal
mahaaall,mahal
muahaalll,mahal
mainnnn,main
maen,main
mainannnn,mainan
maaaak,mak
makkk,mak
makkkkk,mak
makkkkkkkk,mak
makaannnnnnn,makan
makannn,makan
makanannn,makanan
makanannnnnn,makanan
makanyaaa,makanya
makeuppppp,makeup
makiii,maki
makinnn,makin
mksdddd,maksut
mmksuttt,maksut
mlh,malah
mlm,malam
malem,malam
malemmmmm,malam
malemmm,malam
malasssssssssss,malas
maleees,malas
malesss,malas
malessss,malas
malessssssss,malas
mmalazzzz,malas
mualesss,malas
malayyy,malay
maldiniii,maldini
malihhhh,malih
malinggggg,maling
malingggg,maling
malinkkk,maling
malooo,malu
maluuuuuu,malu
maluuuu,malu
maluuu,malu
mampuuu,mampu
mampusss,mampus
mampusssss,mampus
mampussss,mampus
modarrrrr,mampus
modyarrrr,mampus
modyarrr,mampus
mmpus,mampus
maaannnnn,man
mannn,man
manaaaa,mana
manaaaaa,mana
manaaa,mana
manaaaaaa,mana
manahhhhhhhh,mana
manahhhhh,mana
mn,mana
mandiiii,mandi
mandiiiiiii,mandi
mandiii,mandi
mandinyaaa,mandinya
mntn,mantan
mantannn,mantan
mantappp,mantap
muantappp,mantap
manusiaaaaaaaaa,manusia
manusiaaa,manusia
manusiaaaa,manusia
maraahhh,marah
marahhhh,marah
marahhhhh,marah
marrrrrrrah,marah
maraaahhhh,marah
marrrrraaaaah,marah
marahhhhhh,marah
maraaahhh,marah
marahhh,marah
maraaaah,marah
marrrahhh,marah
maraaah,marah
marrrrah,marah
maraaahh,marah
marraaaaaahh,marah
muaaarah,marah
murkaaaa,marah
sewottt,marah
marahbgttt,marah banget
marahterussss,marah terus
martinnn,martin
maruuukkkk,maruk
masss,mas
masaaa,masa
masiiiiii,masih
masiiii,masih
msh,masih
masiiiihhhhhh,masih
masihhhh,masih
masiiih,masih
masihhh,masih
maskeeeeeeer,masker
masukkkkkkkk,masuk
masukkk,masuk
masukkkk,masuk
masukkkkkkk,masuk
masuknyaaa,masuknya
mataaaaa,mata
mataaa,mata
matamuuuu,matamu
matamuuuuu,matamu
matchaaaaaa,matcha
matiiiii,mati
matiiiiiii,mati
matiiii,mati
matiii,mati
maooo,mau
mauuu,mau
mauuuuu,mau
mauuuu,mau
mau2nyaaa,mau-maunya
maunyaaa,maunya
mbaaa,mbak
mbakkkk,mbak
meee,me
meeeee,me
meeee,me
meiiiii,mei
meiiii,mei
mekahhh,mekah
lampiaaasinnn,melampiaskan
melawaaannnnnn,melawan
melayuuu,melayu
meledakkk,meledak
melelehhhhhhhhh,meleleh
muluuu,melulu
muluuuuuu,melulu
muluuuuu,melulu
muluuuuuuu,melulu
muluuuu,melulu
makeeee,memakai
memalukannn,memalukan
emangggggggggggggg,memang
emanggg,memang
emggg,memang
emnggggg,memang
emngggg,memang
emg,memang
memanggg,memang
memaaangg,memangg
membagongkannn,membagongkan
emmekkk,memek
meemmkkk,memek
mmmek,memek
mekkkk,memek
mekkk,memek
memeggggg,memek
memekkkkk,memek
memekkkkkk,memek
memeeeekkkkk,memek
memeeeekkk,memek
memekkk,memek
memeeekkk,memek
memekkkk,memek
memekkkkkkkkkkk,memek
memeeekkkkkkkkkkkkkkkkkk,memek
memeeeeekk,memek
memekkkkmmk,memek
mmmk,memek
mmekkkk,memek
mmkkk,memek
mmkkkkkk,memek
mmqqqq,memek
momookkk,memek
mmmqqqqq,memek
mennn,men
mennnnnn,men
nabrakkk,menabrak
nabungggg,menabung
nagihnyaaaa,menagihnya
menangisss,menangis
menangosssss,menangis
menangusss,menangis
nangessss,menangis
nangesss,menangis
nangiisss,menangis
nangisss,menangis
nangissss,menangis
nangisssss,menangis
nangissssss,menangis
nangiiiss,menangis
nawarinnn,menawarkan
mencretttt,menceret
nyolong,mencuri
mendahuluiiii,mendahului
nemuuu,menemukan
ngambiiiiil,mengambil
ngamoooook,mengamuk
ngamoooooookkkkkkkkk,mengamuk
ngamokkkk,mengamuk
ngamokehhh,mengamuk
ngamukkkk,mengamuk
nganggurrrr,menganggur
nganggurrr,menganggur
ngantukkkk,mengantuk
ngantuuukk,mengantuk
ngatuurrr,mengatur
ngeluhhhhhhhh,mengeluh
ngeluuuuh,mengeluh
ngeluhhh,mengeluh
sambatnyaaaa,mengeluhnya
nggarapeeee,mengerjakan
ngertiii,mengerti
mngetik,mengetik
menggangguuu,mengganggu
ngilanggggg,mengilang
ngilanggg,mengilang
ngorokkk,mengorok
ngubahnyaaaa,mengubahnya
ngusikkk,mengusik
menikahhhhhhhhhh,menikah
nipuuu,menipu
nipuuuu,menipu
nipuuuuuuuuuu,menipu
nipuuuuu,menipu
mnt,menit
menitttt,menit
menjijikkannnn,menjijikkan
menssss,mens
mentahannn,mentahan
numpukkkkk,menumpuk
numpukkk,menumpuk
ngenteniiii,menunggu
menurutkuuuu,menurutku
menyalaaa,menyala
nyerahhh,menyerah
nyeselll,menyesal
nyesal,menyesal
nyesel,menyesal
nyesall,menyesal
nyesell,menyesal
nyetirrrrrrr,menyetir
nyikapinnyaaaa,menyikapinya
nyiksaaaa,menyiksa
nyimpeennn,menyimpan
merahhh,merah
ngambek,merajuk
ngeralaaaattt,meralat
ngerasa,merasa
mrk,mereka
merekaaa,mereka
merindinggggg,merinding
mertuaaaaaaanjg,mertuaanjing
mesinnnnnnnnnnnnnn,mesin
meskipunnn,meskipun
mesummmm,mesum
mikiirrrr,mikiir
mikirrrr,mikir
mikirrr,mikir
mikirrrrrr,mikir
mikirlahhh,mikirlah
mileaaaaaaaa,milea
mimpiiiii,mimpi
mimpinnnnnnnnnn,mimpin
minderrr,minder
minimummmm,minimum
mintaaaa,minta
mintaaa,minta
mirisss,miris
misiii,misi
misiiii,misi
miskinnn,miskin
miyaaa,miya
mobileeeee,mobile
modallllll,modal
mohoooonn,mohon
mokondooooo,mokondo
mokondoooo,mokondo
mnyettt,monyet
mnyetttt,monyet
mnyttt,monyet
mnytttt,monyet
momyettttt,monyet
moneydddhahahshshsh,monyet
monyedddddd,monyet
monyeddd,monyet
monyedddd,monyet
monyeedssshhh,monyet
monyeettttt,monyet
monyeetttt,monyet
monyeetttttt,monyet
monyeettttttttt,monyet
monyeettt,monyet
monyekkkk,monyet
monyenggg,monyet
monyettttt,monyet
monyetttttttttt,monyet
monyettttttt,monyet
monyeeetttt,monyet
monyetttttt,monyet
monyettttttttttttt,monyet
monyeeet,monyet
monyetttt,monyet
monyettttttttttt,monyet
monyeeeettttt,monyet
monyeeeeeeeeeettttt,monyet
monyeeeeeet,monyet
monyeeeet,monyet
monyeeeetttt,monyet
monyettt,monyet
monyeeettt,monyet
monyeeeettt,monyet
monyeeeeeeeeeeeet,monyet
monyetttttttt,monyet
monyeeeetttttttt,monyet
monyeeetttttt,monyet
monyeeetttttttt,monyet
monyeeett,monyet
monyeeeeettf,monyet
monyttt,monyet
monyttttt,monyet
monywttty,monyet
monyyettttt,monyet
moonyeeettttttt,monyet
myttttttt,monyet
nyettttttt,monyet
nyetttt,monyet
nyettttt,monyet
nyettt,monyet
nyeeet,monyet
nyeeeet,monyet
monyettttapalagi,monyet apalagi
monyeetttorang,monyet orang
motorrrr,motor
motorrr,motor
muuuuu,mu
muaakkk,muak
muaaakkkkkkkk,muak
muakkkk,muak
muakkkkkkkkk,muak
muaaakkkkk,muak
muaaak,muak
muakkkkk,muak
muakkkkkkkkkkk,muak
muakkk,muak
muaaakkkk,muak
muaqqq,muak
mualll,mual
mualllpusing,mual pusing
mudaaaaaa,muda
mukaaaa,muka
mukaaa,muka
mulaiii,mulai
mulusss,mulus
mulutnyaaaaaa,mulutnya
munculll,muncul
munculllll,muncul
muntahhh,muntah
murahhhh,murah
musanggg,musang
musikkk,musik
musikkkk,musik
muterrr,muter
nuaaffaasss,nafas
nafkahhh,nafkah
nahhh,nah
najeesssss,najis
najidssss,najis
najiezstttt,najis
najiiiezz,najis
najissssssssss,najis
najissssssss,najis
najisssssssssssssssssssssssssssssssssssssssssss,najis
najissss,najis
najisssss,najis
najisssssss,najis
najisssssssssssssss,najis
najissssssssssssss,najis
najisssssssss,najis
najissssssssssss,najis
najiiiissssss,najis
najissssss,najis
najisssssssssss,najis
najisss,najis
najisssjisjisjis,najis
najizzzzz,najis
najonggg,najis
njisss,najis
njsssss,najis
namnyaaaaaaaaa,namanya
nandaaa,nanda
ntar,nanti
ntarrr,nanti
nnti,nanti
nasionallll,nasional
naudzubilllah,naudzubillah
negotiableee,negotiable
nekaaaat,nekat
nerakaaa,neraka
ngabarinnn,ngabarin
ngacaaaa,ngaca
ngaduknyaaa,ngaduknya
ngalahhh,ngalah
ngalaminnn,ngalamin
ngartisss,ngartis
ngebimbingnyaaaa,ngebimbingnya
ngebtottt,ngebtot
ngebulllll,ngebul
ngebuttt,ngebut
ngecaapppppppp,ngecap
ngecappp,ngecap
ngedeketinnn,ngedeketin
ngejelasinnnn,ngejelasin
ngejernyaaaaa,ngejernya
ngejombloooo,ngejomblo
ngelagggg,ngelag
ngelaggg,ngelag
ngelessss,ngeles
ngelunjakkk,ngelunjak
mgentooodddddd,ngentot
negntotttt,ngentot
nentoddd,ngentot
nentoddddd,ngentot
ngepeeet,ngepet
ngeremmm,ngerem
ngeriii,ngeri
ngeseliiiinnnnnnn,ngeselin
ngeselinnn,ngeselin
ngeselinnnn,ngeselin
nggatheliiiiii,nggatheli
ngideeee,ngide
ngomonggggggg,ngomong
btw,ngomong-ngomong
ngotakkkk,ngotak
ngotaaak,ngotak
ngotakkk,ngotak
ngutanggg,ngutang
niii,nih
niiii,nih
nichhh,nih
nihhhh,nih
nihhh,nih
nihhhhh,nih
nikahhhhhh,nikah
rabbiii,nikah
nilainyaaa,nilainya
nooo,no
nohhh,noh
nolllllllllllll,nol
nomer,nomor
nmr,nomor
nmrr,nomor
number,nomor
norakkkk,norak
norakkk,norak
norakkkkkk,norak
noreknyaaa,noreknya
normalll,normal
normaaal,normal
notisss,notice
nuraniiii,nurani
nyaaa,nya
nyaaaa,nya
nyaaaaa,nya
nyadarrr,nyadar
nyalaaaa,nyala
nyambungggg,nyambung
nyambunggg,nyambung
nyampahhhhhhhhh,nyampah
nyariii,nyari
nyasarrrrr,nyasar
nyebelinnnn,nyebelin
nyebelinnn,nyebelin
nyeblakkk,nyeblak
nyekekkk,nyekek
nyengattt,nyengat
nyesekkkkk,nyesek
nyooo,nyo
nyolotttklo,nyolotkalo
nyusahinnn,nyusahin
nyusahinnnn,nyusahin
nyuttt,nyut
oooo,o
obattt,obat
oblakkkk,oblak
ooooh,oh
ohhh,oh
owww,oh
ok,oke
okeee,oke
okelahhh,okelah
oktaaaa,okta
omggggg,omg
omonginnn,omongin
onooo,ono
oonnnnnn,oon
oonnn,oon
oplosss,oplos
opooo,opo
opsiii,opsi
oraanggggg,orang
oraanggg,orang
org,orang
oranggggg,orang
orangggg,orang
oranggg,orang
orggggg,orang
orggg,orang
orgggg,orang
orgillll,orang gila
orgilll,orang gila
orgilllll,orang gila
orangtuaaa,orang tua
ortu,orang tua
otakkk,otak
otakkkk,otak
otaaakkkkk,otak
otaknyaaaaaa,otaknya
otaknyaaa,otaknya
ovttt,ovt
paaoookkkk,paaok
pacarrrrrr,pacar
pacaaar,pacar
pacarrrr,pacar
pacaaarr,pacar
pacaraaaaaaannn,pacaran
pacarannn,pacaran
pacaraaann,pacaran
pacarnyaaaaaaaa,pacarnya
pacarnyaaa,pacarnya
pd,pada
padaaaaaaa,pada
padaaaa,pada
padaaa,pada
pdhl,padahal
padahaaal,padahal
padahalll,padahal
padangggg,padang
pagi,pagi
pagiii,pagi
pagiiii,pagi
pahammm,paham
painnn,pain
paitttttttt,pait
pakkk,pak
pake,pakai
pakeee,pakai
pakeeettt,paket
paksaaaaaa,paksa
palkorrrr,palkor
palsuuu,palsu
panaasssss,panas
pannnaasssss,panas
panaasss,panas
panasss,panas
panassss,panas
panaaaas,panas
panassssss,panas
puanasss,panas
puanaaaaas,panas
puanaaaseeee,panas
panasnyaaaaaaaa,panasnya
panjangggggg,panjang
panjanggg,panjang
panteeee,pantek
panteekkkkk,pantek
panteekkkk,pantek
panteekkk,pantek
panteeekkk,pantek
pantekkkkk,pantek
pantekkkkkkkkk,pantek
panteeekkkk,pantek
pantekkk,pantek
pantekkkkkk,pantek
pantekkkkkkkk,pantek
pantekkkk,pantek
panteeekkkkkkkkk,pantek
panteeekkkkk,pantek
pantekkkkmkkmkmmmmmkkk,pantek
panteqqq,pantek
panteqqqq,pantek
pantessss,pantek
panutannn,panutan
panutaaan,panutan
paokkkkkkkmk,paok
paraahhh,parah
parahhh,parah
parahhhhhhhhhhhhhhhhh,parah
parahhhh,parah
parkirrrrrr,parkir
parkirrr,parkir
partisipannnnnnnnnn,partisipan
pasalnyawhatttt,pasalnya what
paskesss,paskes
muuuuesti,pasti
pastiii,pasti
patriartkinyaaaaa,patriarkinya
peaaaaa,pea
peacefullyyy,peacefully
pebinorrr,pebinor
pecahhh,pecah
pecahhhh,pecah
ppppppeddddduuuuulllliiiiii,peduli
peettttt,peet
pejammm,pejam
pekkkk,pek
pekerjaannyaaaa,pekerjaannya
pekokkk,pekok
pelakorrr,pelakor
pelakorrrr,pelakor
pelakuuu,pelaku
pelakuuuu,pelaku
pelittt,pelit
puuelittt,pelit
pelupaaaaaa,pelupa
pemerintahh,pemerintah
pemerentahhh,pemerintah
pemerentahhhh,pemerintah
pencettt,pencet
pendekkkk,pendek
penderitaaan,penderitaan
penelitiaaan,penelitian
pengadilanwowww,pengadilan wow
penipuuuuu,penipu
penipuuuu,penipu
penipuuu,penipu
penipuuuuuuuuu,penipu
penipuannnn,penipuan
penipuannn,penipuan
penjaraaaa,penjara
pentinggg,penting
penuhhh,penuh
penuhhhhh,penuh
penuhhhhhh,penuh
penyabaaar,penyabar
pepeekkkkk,pepeek
pepekkkkkk,pepek
pepekkk,pepek
pepeeekkkk,pepek
pepekkkkk,pepek
pepeeeeek,pepek
pepekkkk,pepek
pepekkkkkkkkk,pepek
pepekkkkkkk,pepek
pepeeekk,pepek
pppk,pepek
ppkkk,pepek
pepemmkkkkkkk,pepek memek
pepekpukiiii,pepek puki
percayaaa,percaya
perekkkkkkk,perek
ceweee,perempuan
cewekkkkkk,perempuan
ceweeeekkk,perempuan
cewekkkkk,perempuan
cewe,perempuan
cewek,perempuan
perempuannnn,perempuan
cwe,perempuan
ceweknyaaa,perempuannya
cewenyaaa,perempuannya
peresss,peres
pergiii,pergi
perihhhhh,perih
perihhh,perih
perksraaaa,perkara
permisiii,permisi
perpusnassss,perpusnas
persiibbb,persib
pertamaaa,pertama
pesertaaa,peserta
pewisss,pewis
pfttt,pft
pikirrr,pikir
pikirrrrrr,pikir
pikirannn,pikiran
pilihinnn,pilihin
pindahannnnnn,pindahan
minjem,pinjam
pinjolll,pinjol
pinjollllll,pinjol
pinjollll,pinjol
pisannnnnn,pisan
pisannn,pisan
pisannnnnnnnnnnn,pisan
plastikkkkk,plastik
playyy,play
plccc,plc
pliccccc,plic
pocinnnnnn,pocin
pokonyaaa,pokoknya
polll,pol
poolll,pol
puolllll,pol
puolll,pol
pwolllll,pol
potonggg,potong
premmm,prem
pretttt,pret
prettt,pret
lakiii,pria
lakiiii,pria
cowok,pria
priaaaaaaa,pria
cowo,pria
cwo,pria
laki-laki,pria
cowoknyaaa,prianya
cowooo,prianya
pribadiii,pribadi
prisssoooooonnnnnn,prison
pritttt,prit
problematikkkk,problematik
produknyaaaa,produknya
progresnyaaa,progresnya
puasssss,puas
puaaasssssssss,puas
puasaaaa,puasa
puihhh,puih
pookieeeee,puki
pukiiii,puki
pukiii,puki
pukiiiiiiiiii,puki
pukiiiii,puki
pukiiiiiiiiiiiii,puki
pukiiiiiiii,puki
pukieee,puki
puqiii,puki
puqiiiiii,puki
puqiiiiiii,puki
fffukii,puki
pppukkkima,pukimak
pukiiimajkkkkkkk,pukimak
pukimaaaaaaaaaaaak,pukimak
pukimakkk,pukimak
pukimaaaaakkkkk,pukimak
pukiiimakkkk,pukimak
pukimakkkkkk,pukimak
pukimakkkkkkk,pukimak
pukimakkkkk,pukimak
pukimaaakkkkkkkk,pukimak
pukimaaaaaaaakkkkk,pukimak
pukimaaakkkkk,pukimak
puqimaaaak,pukimak
puqimakkkkkkkkk,pukimak
puqimaqqqqqqqqqqq,pukimak
puqimakkkkpunya,pukimak punya
pukitottttttt,pukitot
pulaaaaa,pula
pulaaa,pula
pulakkkk,pula
pulsaaaa,pulsa
punnnn,pun
punggungnyaaaaa,punggungnya
punyaaaa,punya
pusinggg,pusing
pusingggg,pusing
pusingggggg,pusing
putriii,putri
pwehhhh,pweh
pxxx,px
rrraahhhhh,raah
rebuuu,rabu
rrrrragggggghhhhh,ragh
raksasaaa,raksasa
rakuuussss,rakus
rakusss,rakus
rakyatnyaaa,rakyatnya
rameee,rame
rameeeee,rame
ramewww,rame
rameinnnn,ramein
rameinnn,ramein
rantauuu,rantau
rapattt,rapat
rasanyaaa,rasanya
rasanyaaaaaaa,rasanya
rasanyaaaa,rasanya
rayaaa,raya
rayaaaa,raya
rilll,real
rekberrr,rekber
relaaaa,rela
relaaa,rela
relapseee,relapse
rempongggg,rempong
rendaaangggg,rendang
rentalll,rental
replyyy,reply
repnyaaaa,repnya
repofakerrr,report faker
repoguysss,report guys
repottt,repot
repottttttt,repot
resignnnnn,resign
resinyaaaa,resinya
responnn,respon
restoooo,resto
reeet,ret
reviewww,review
ribettt,ribet
ribetttttt,ribet
ribetttttttttttt,ribet
ribuuuuu,ribu
ribuuuttt,ribut
ricooo,rico
rilettt,rilate
risihhh,risih
risiiih,risih
risihhhhhhh,risih
robbb,rob
robbiii,robbi
robloxxxx,roblox
rokessss,rokes
negerokok,rokok
ngerokokkk,rokok
rokooo,rokok
romantisss,romantis
rompiesss,rompies
ronaldoooooo,ronaldo
rraahhhh,rraah
rroarrr,rroar
rugiiiiii,rugi
rumahhh,rumah
rumaaaah,rumah
rumahhhg,rumah
rumahkuuuu,rumahku
runnnn,run
rupiaaaaah,rupiah
rusakkkk,rusak
rusakkk,rusak
rusakkkkkkkkk,rusak
rusaaaakkk,rusak
ruweeet,ruwet
saatttt,saat
saattttt,saat
sabarrrrrr,sabar
sabarrr,sabar
sabarrrr,sabar
sabarrrrrrrrr,sabar
sadarrrrrrrr,sadar
sadarrr,sadar
sadizzz,sadis
saekkiyaaa,saekkiya
aja,saja
doang,saja
aj,saja
saketttt,sakit
sakittttt,sakit
sakitttttt,sakit
sakittt,sakit
sakitttt,sakit
sakjiwww,sakit jiwa
sakitnyaaa,sakit jiwa
salahhh,salah
salaaahhhh,salah
salhhh,salah
salahnyaaa,salahnya
saldonyaaaa,saldonya
sm,sama
samaaaaaa,sama
samaaa,sama
samsekkk,sama sekali
samsekkkkkk,sama sekali
sampahhhhh,sampah
sampahhh,sampah
nyampeee,sampai
nyampe,sampai
ampe,sampai
sampe,sampai
sampeee,sampai
smpe,sampai
smpesssssemmmmpeeeeee,sampai sampai
sampellll,sampel
samsunggg,samsung
saaana,sana
sanaaa,sana
sonoooooo,sana
sangatttt,sangat
sangattttddd,sangat
sngttt,sangat
sangeee,sange
santriii,santri
sapaaaa,sapa
sapiiiii,sapi
sarannn,saran
satuuu,satu
sawangaaann,sawangan
sayyy,say
sayyyy,say
aing,saya
aku,saya
akuuuuu,saya
akuuu,saya
akuuuuuuu,saya
akuuuu,saya
guaaaa,saya
guaaaaaa,saya
guaaa,saya
guaaaaaaaaaaaaa,saya
guaaaaaaaaaaaaaa,saya
guaaaaaaaa,saya
guaaaaaaa,saya
gueeee,saya
gueeeeeeee,saya
gueee,saya
gueeeeeeeeee,saya
gueeeeeee,saya
gueeeee,saya
gueeeeee,saya
gueaaaaa,saya
guehhhhh,saya
gueeeehhhhhh,saya
guehhh,saya
guuaaaaaa,saya
guueeeeeeee,saya
guwehhhhhhh,saya
gwwww,saya
gwww,saya
gweee,saya
gweehhh,saya
gwehhh,saya
gwssss,saya
ainggg,saya
gw,saya
gue,saya
gua,saya
sy,saya
sayaaa,saya
ak,saya
akk,saya
akkk,saya
w,saya
ku,saya
gueeemorotin,saya morotin
guaaatololtolol,saya tolol tolol
sayaangggggggg,sayang
syg,sayang
sayanggg,sayang
sayangggg,sayang
schoooll,school
scrolll,scroll
seeee,se
seaaanya,seanya
sb,sebab
sbg,sebagai
sebagainyaaa,sebagainya
seballl,sebal
seballll,sebal
seeebeel,sebal
sebellllll,sebal
sebelll,sebal
sebellllllllll,sebal
sebellll,sebal
sebeeel,sebal
sebeeelll,sebal
sebelllll,sebal
sebelbgtttyy,sebal banget
sebelnyaaaa,sebalnya
sebarrr,sebar
sebelumnyaaa,sebelumnya
sbnrnya,sebenarnya
scara,secara
sedaaap,sedap
sedepppp,sedap
sediiiiihhh,sedih
sedihhh,sedih
sedihhhhhh,sedih
sedihhhhh,sedih
sedihnajongggggg,sedih anjing
sedikittttt,sedikit
sdkit,sedikit
sdikit,sedikit
seduniaaa,sedunia
segalaaa,segala
segalaaaa,segala
segennn,segan
segerrrrrrrr,segar
seginiii,segini
segitunyaaaa,segitunya
sehariii,sehari
sekaleeee,sekali
sekaaalee,sekali
sekaliiiiiiiiiiiii,sekali
sekaliii,sekali
sekaliiii,sekali
sekaliiiii,sekali
sekalipunnn,sekalipun
sekampungggg,sekampung
skr,sekarang
skrg,sekarang
sekaranggg,sekarang
sekaranggggg,sekarang
skranggg,sekarang
skrgggggg,sekarang
skrggg,sekarang
skrngggg,sekarang
skrng,sekarang
skarang,sekarang
sekejappp,sekejap
sekelasss,sekelas
sekiyaaa,sekiya
sekiyaaaa,sekiya
sekkiyaaa,sekiya
sekyyaaaaaa,sekiya
sekyyaaaa,sekiya
sekolahhh,sekolah
sekolaaaaahhhh,sekolah
sekolahhhh,sekolah
sekolahannyaaa,sekolahannya
sekomunitasseorganisasi,sekomunitas seorganisasi
selaluuu,selalu
selaluuuu,selalu
selesaiiii,selesai
selesaiiiii,selesai
selingkuhhh,selingkuh
selingkuhhhh,selingkuh
selingkuhhhmandul,selingkuh mandul
selingkuhannnn,selingkuhan
sellerrr,seller
semangattttttt,semangat
sembajinggg,sembajing
sembelitttt,sembelit
sembuhhh,sembuh
semestaaa,semesta
semlemmmm,semlem
smg,semoga
sempaaakkkkk,sempak
sempakkk,sempak
sempitttt,sempit
smua,semua
semuaaaa,semua
semuaaa,semua
semuaaaaa,semua
semuahhh,semua
semwaahhhh,semua
smuaaaaaa,semua
smuaaa,semua
semuakkkk,semuak
semuaanyaaa,semuanya
semuaaaanya,semuanya
semuanyaaaa,semuanya
semuanyaaaaaa,semuanya
semuaaaanyaaa,semuanya
semuanyaaaababi,semuanya babi
senanggg,senang
senenggg,senang
sendalnyaaa,sendalnya
sendiriiii,sendiri
sendiriii,sendiri
sendiriiiiiiiiiiiiiiiiiiiiiiii,sendiri
sendiriiiii,sendiri
sendiriaannn,sendirian
sendirian111,sendirian
seninnn,senin
seniorrr,senior
sentuhhh,sentuh
speleee,sepele
kayakkk,seperti
kayakkkk,seperti
kayakkkkkkk,seperti
kayaaakk,seperti
keekkkk,seperti
keeek,seperti
kekkkkk,seperti
kekkk,seperti
kekkkk,seperti
kyaaak,seperti
kykkk,seperti
kyk,seperti
kayak,seperti
gitu,seperti itu
gtu,seperti itu
gituu,seperti itu
sepiii,sepi
serakahhhhh,serakah
seranggg,serang
serebuuu,seribu
seribuuu,seribu
seringgg,sering
seriussss,serius
seriusss,serius
seriuusss,serius
seriusannn,seriusan
seruuuu,seru
sesekkk,sesak
sesamanyaaa,sesamanya
sesaaat,sesat
setaiiiii,setai
dedemitttttt,setan
setaannnnn,setan
setaannn,setan
setaannnn,setan
setttttaaaaannnn,setan
setaaannnn,setan
setaaaaannnnnnnnnnnnnnn,setan
setaaaannn,setan
setannnnnnn,setan
setannnnnnnn,setan
setaaannn,setan
setannnnnn,setan
setannnnn,setan
setannnn,setan
setaaaaan,setan
setannn,setan
setaaan,setan
setannnnm,setan
setaaaann,setan
setaaann,setan
setannnmalah,setan malah
setannnmana,setan mana
setiaaaaa,setia
setololll,setolol
sherrr,sher
sherinaaaaaaa,sherina
shibaalll,shibal
shiballll,shibal
shiballlllll,shibal
shiballllllllllll,shibal
shiballlll,shibal
shibaaalll,shibal
shiballl,shibal
shiballllllll,shibal
shiballllll,shibal
shibaaallll,shibal
shyiballllll,shibal
sibaaalll,shibal
sibaaallll,shibal
siballll,shibal
sibaaaall,shibal
siballsekyyaaa,shibal
syibaallll,shibal
syiballl,shibal
shittttttt,shit
shttttt,shit
syittt,shit
syitttttt,shit
shitmennn,shitmen
shockkkkk,shock
shokkk,shock
shopeeee,shopee
shoppeeee,shopee
jhopee,shopee
shooot,shot
siiii,si
siiiii,si
siiiiiiii,si
siiiiii,si
siiiiiii,si
siii,si
siiiiaku,siaku
sialllllll,sial
siiiaaallll,sial
siallll,sial
siaaaal,sial
sialll,sial
siaaallllllll,sial
siallllllll,sial
sialaannn,sialan
sialannnn,sialan
sialannnnnnnnnnnnnn,sialan
sialannn,sialan
sialaaaannn,sialan
sialannnnnn,sialan
sialannnnnnn,sialan
sialaaaan,sialan
siaaaalllaaannn,sialan
sialannnnnnnnnnnnn,sialan
sialaaaaaaan,sialan
sialaaan,sialan
siaaaaaaallllllaaaannnnnn,sialan
sialannnnnnnnnnnn,sialan
sialaaannn,sialan
sialannnnnnnnnnnnnmnn,sialan
syalaaan,sialan
syalannn,sialan
syalannnn,sialan
siang,siang
sianggg,siang
siapaaaaa,siapa
siapaaa,siapa
siapeeeeee,siapa
sickkk,sick
sidanggg,sidang
sehhhh,sih
seeehhh,sih
sehhh,sih
sehhhhhhh,sih
sichhh,sih
sieee,sih
sihhhhh,sih
siiih,sih
siiiih,sih
sihhh,sih
sihhhhhhhh,sih
siiiihhh,sih
sihhhh,sih
siiiiiihhhhhhh,sih
sihhhhhh,sih
siiiihhhhhh,sih
siiihhh,sih
sihhhhhhh,sih
siiihhhhhhh,sih
siiiiih,sih
siiiihhhh,sih
siiihh,sih
siihhhhhhhhhhhh,sih
siihhh,sih
sihh,sih
sihhhhatau,sihatau
siiiiiiiiiikkkkk,sik
sikkk,sik
sikkkk,sik
silinderrrtersiksa,silinder tersiksa
silumannn,siluman
reneoooo,sini
siniii,sini
sipenipuuu,sipenipu
siriii,siri
siroyoooo,siroyo
skripsiii,skripsi
skripsinyaaaaoeeejd,skripsinya
sleppppp,sleep
sleepcalll,sleepcall
slemannnnn,sleman
slottt,slot
slowwwwwwwwww,slow
slowressss,slowres
sneakers111,sneakers1
sooo,so
sooooo,so
soooo,so
sooo000000,so
soalnyaaa,soalnya
sobeeekkk,sobek
sommmer,somer
sopiiii,sopi
soreee,sore
soreeeeee,sore
soriii,sorry
sorrry,sorry
spotifyyy,spotify
spssstata,spstata
sretttt,sret
stfuuuu,stfu
stoppppp,stop
stoppp,stop
stopppp,stop
stopppppp,stop
stoppppppp,stop
stopnyaaaa,stopnya
setresssss,stres
setressss,stres
setressssss,stres
streesssssssss,stres
streesss,stres
stresssssss,stres
stresssssssssssssssssssssssssssssssssssssss,stres
streeesssss,stres
stresss,stres
stressss,stres
stresssss,stres
stresssssssssssss,stres
streeesss,stres
stress,stres
setress,stres
strikerrrrr,striker
suuu,su
suuuu,su
suuuuu,su
suamiiii,suami
suamiiiiiii,suami
suaranyaaaaaaa,suaranya
suciii,suci
suckkkkkkkkkkkkkkssssss,sucks
udh,sudah
udah,sudah
udh2,sudah
sdh,sudah
dah,sudah
udaaa,sudah
udahhh,sudah
udahhhhh,sudah
uda,sudah
sueeeeee,sue
suerrr,suer
sugannn,sugan
sujudddd,sujud
sukkk,suk
demen,suka
sukaaa,suka
sukabumiii,sukabumi
sukiii,suki
sulittttt,sulit
sumberrrr,sumber
sumpaaaa,sumpah
sumpaaa,sumpah
sumpaahhhh,sumpah
sumpaaahhhh,sumpah
sumpahhh,sumpah
sumpahhhh,sumpah
sumpahhhhh,sumpah
sumpaaah,sumpah
sumpahhhhhh,sumpah
sumpaaahh,sumpah
sumvaahhhhh,sumpah
sumpa,sumpah
sumpaa,sumpah
sundalaaa,sundala
supporttt,support
surabayaaaaaaa,surabaya
sureee,sure
suruhhh,suruh
susaahhh,susah
susahhh,susah
susahhhh,susah
susahhhhh,susah
susahnyaaaa,susahnya
susahnyaaaaa,susahnya
susahnyaaaaaaa,susahnya
sutraaa,sutra
syaaaaaaaaaaaaaaaaaaa,sya
syekiaaaaa,syekia
syokkk,syok
td,tadi
tadiii,tadi
taeeee,tae
taeeeeeeee,tae
taeeeadain,taeadain
tahannn,tahan
taaeee,tahi
taaiiii,tahi
taaiii,tahi
taaiiiii,tahi
taaiiiikkkk,tahi
taeeeeeekkkk,tahi
taeeeek,tahi
taeeekkkk,tahi
taekkkk,tahi
taekkk,tahi
taiiiiiiiiiiiiiiii,tahi
taiiiiiiii,tahi
taiiiii,tahi
taiiiiiiiiiiiiiiiiiiiii,tahi
taiiii,tahi
taaaiiiii,tahi
taaai,tahi
taiiiiiiiiiiiii,tahi
taaaiiiiii,tahi
taaaiiiiiiii,tahi
taiiiiiiiii,tahi
taiii,tahi
taiiiiiii,tahi
taiiiiii,tahi
taaaaiii,tahi
taiiiiiiiiiiiiiiiiiii,tahi
taiikkk,tahi
taiikkkk,tahi
taiikkkkkkkkkk,tahi
taikkk,tahi
taikkkkk,tahi
taiiikkkkkkk,tahi
taiiikkk,tahi
taikkkkkkk,tahi
taikkkkkkkkkk,tahi
taiiiiikkkk,tahi
taiiiikkkk,tahi
taikkkkkkkk,tahi
taikkkkkk,tahi
taikkkk,tahi
taiiikk,tahi
tainyaaaa,tahi
tayyyyyyyyyyyy,tahi
tayiiiii,tahi
telekkk,tahi
teleeeekkk,tahi
teleeekkk,tahi
telekkkkk,tahi
tai,tahi
taaiiiiicatlover,tahi cat lover
taaiiiiicatlovertaaiiiiicatlover,tahi cat lover
taikkkksebenarnya,tahi sebenarnya
taitaiiiii,tahi tahi
tauuu,tahu
tauuuu,tahu
thn,tahun
tahunnn,tahun
tahunnnn,tahun
taunnn,tahun
takbirrrr,takbir
takoyakiii,takoyaki
takottt,takut
takuttt,takut
takuttttt,takut
takutttt,takut
takuuuuuut,takut
takuttttpi,takut tapi
takutyaaa,takutnya
talkkkk,talk
tambahannn,tambahan
tamplatenyaaa,tamplatenya
tampolll,tampol
tamuuu,tamu
tandainnnn,tandain
tangaaaannn,tangan
tangannnnn,tangan
tanteee,tante
tanyaaa,tanya
tanyaaaa,tanya
tanyaaaaaa,tanya
tanyaaaaa,tanya
tanyakkk,tanya
tanyaaasebenernya,tanya sebenarnya
taapiii,tapi
tp,tapi
tapiii,tapi
tapiiii,tapi
taaapiiii,tapi
tapiaaaaaaaaggghhjdkdkdkndndnd,tapi
tapiiio,tapi
tttp,tapi
tpi,tapi
tariiikkk,tarik
tarkkkk,tark
tawonnn,tawon
tediii,tedi
tegaaa,tega
tegaaan,tega
tegurrrnyaaa,tegurnya
tekkkk,tek
teeeekkkkkkk,tek
tekaaa,teka
telasooo,telaso
telattt,telat
telatttt,telat
telenyaaa,telenya
telfonanwoyyy,telfonan woi
telorrr,telur
tmn,teman
temen,teman
temannnn,teman
temennnn,teman
temennn,teman
mantemaaaann,teman-teman
tmn2,teman-teman
temen2,teman-teman
tementemen,teman-teman
temeninnn,temanin
temenkuuuu,temanku
tembusss,tembus
tempatttt,tempat
tempaaat,tempat
tempekkkkkkkkkk,tempek
tenannnnnnn,tenan
tenangggg,tenang
tengahhhhhh,tengah
ttg,tentang
tepattt,tepat
tept,tepat
terakhirrrr,terakhir
terakhirrrrrr,terakhir
terangannn,terangan
terbangsaaaaaaaattttttttt,terbangsat
terbaruuu,terbaru
terdekattt,terdekat
tergajelassssss,tergajelas
terguoblokkk,tergoblok
terimaaa,terima
makasiiii,terima kasih
makasihhhh,terima kasih
makasiiih,terima kasih
makasihhh,terima kasih
makasiiiiwww,terima kasih
makasih,terima kasih
makasi,terima kasih
makasii,terima kasih
thx,terima kasih
tq,terima kasih
makasiii,terima kasih
terimakasihhhh,terima kasih
terimakasihhh,terima kasih
timakasiiiii,terima kasih
ngarettttt,terlambat
ngarettt,terlambat
terlibattt,terlibat
ternyataaa,ternyata
ternyataaaaaa,ternyata
ternyataaaa,ternyata
ternyataaaaa,ternyata
trnyta,ternyata
terorrr,teror
tersediaaa,tersedia
seraaaahhhhh,terserah
terserahhhhhh,terserah
terserahhhh,terserah
terseraaahh,terserah
terosssssss,terus
teroooossss,terus
terossss,terus
terosss,terus
teroooosss,terus
teroooss,terus
trs,terus
trus,terus
teruuussss,terus
teruuuussss,terus
terusssss,terus
terusss,terus
terussssss,terus
terussss,terus
teruusss,terus
teruuuzzz,terus
teruzzz,terus
trosssssssssssssssss,terus
trssssss,terus
trsss,terus
trssss,terus
trussss,terus
trusss,terus
testtinggg,testing
tetangggaku,tetangaku
tetanggahhhhhhhhh,tetangga
ttp,tetap
tetepppp,tetap
teteppp,tetap
teteteeett,tetetet
thanksss,thanks
thankyouuu,thankyou
thesprooooooooo,thespro
thisss,this
thooooo,tho
tiiii,ti
tiapppp,tiap
tetibaaa,tiba
tbtb,tiba-tiba
tibatiba,tiba-tiba
enggaaa,tidak
enggakkkkk,tidak
gaaaaaaa,tidak
gaaaa,tidak
gaaa,tidak
gaaaaa,tidak
gaakkkk,tidak
gakkkkkkkkkk,tidak
gakkkk,tidak
gakkk,tidak
gaaakkk,tidak
gakkkkk,tidak
gaaakkkk,tidak
kagaaaa,tidak
kagaaa,tidak
kagaaakkk,tidak
kagakkk,tidak
kagakkkkk,tidak
ngggaaa,tidak
nggaaa,tidak
nggakkkk,tidak
tdkkk,tidak
tdk,tidak
ga,tidak
gk,tidak
nggak,tidak
gak,tidak
ngga,tidak
nga,tidak
nggk,tidak
engga,tidak
tidakkkkk,tidak
tidaaaaak,tidak
gaakkk,tidak
egk,tidak
gadaaaa,tidak ada
gaaada,tidak ada
gaada,tidak ada
gada,tidak ada
gapapaaaaa,tidak apa
gapapaaaa,tidak apa
gapapaaaaaaaainfo,tidak apa info
gabeliii,tidak beli
gabenerrr,tidak benar
gabergunaaa,tidak berguna
gabisaaa,tidak bisa
gabisaaaaaaa,tidak bisa
gabisaaaa,tidak bisa
gabisaaaas,tidak bisa
gbsss,tidak bisa
gabisa,tidak bisa
gabolehhhh,tidak boleh
gaenakkkk,tidak enak
gaenakannnn,tidak enakan
gaikhlaaash,tidak ikhlas
gajelasss,tidak ikhlas
gajelaaaaaaassssssss,tidak jelas
gkjls,tidak jelas
gajelas,tidak jelas
gakuatttt,tidak kuat
gamampuuuu,tidak mampu
emooooooooh,tidak mau
gamauuu,tidak mau
ogahhh,tidak mau
gamau,tidak mau
ganyalaaaa,tidak nyala
gapunyaaaaa,tidak punya
gapunya,tidak punya
gaasihhhh,tidak sih
gaksihhhh,tidak sih
gasiii,tidak sih
gasiiii,tidak sih
gasihhh,tidak sih
gasiiiihh,tidak sih
gasih,tidak sih
gasukaaaa,tidak suka
gasukaaa,tidak suka
gatauuuu,tidak tahu
gausahhh,tidak usah
gajelasssss,tidakjelas
gajelassssss,tidakjelas
gajelllaaaassss,tidakjelas
gajelaaassss,tidakjelas
gajelassss,tidakjelas
tidurrrrrrrr,tidur
tidurrrr,tidur
tidurrr,tidur
tidurrrrrr,tidur
turuuuu,tidur
tiktoddd,tiktok
tiktokkkk,tiktok
tiktokersss,tiktokers
tikuuuussssssss,tikus
tikussss,tikus
tipisss,tipis
tipssss,tips
tipuuu,tipu
tipuuuu,tipu
tipuuujangan,tipu jangan
tirinyaaaa,tirinya
tirusss,tirus
titikkkk,titik
titittt,titit
tooo,to
tooooooo,to
tobaaaat,tobat
tobrutttt,tobrut
toddd,tod
tokennn,token
tokpeeeddd,tokopedia
tokpedddd,tokopedia
tolakkk,tolak
koplaaakkk,tolol
koplokkkk,tolol
tholollllll,tolol
tlolllllllll,tolol
tolloooolllll,tolol
tolooooool,tolol
tololllllllllll,tolol
tololll,tolol
tolollllllll,tolol
tololllll,tolol
tololllllll,tolol
tolollll,tolol
toloool,tolol
tolollllll,tolol
tolooooolll,tolol
tolollllllllll,tolol
tololllllllllllll,tolol
toloolll,tolol
toloollllll,tolol
tuololllll,tolol
please,tolong
flisss,tolong
pleaseeeeeee,tolong
pleaseee,tolong
pleaseeee,tolong
pleaseeeee,tolong
pliezzz,tolong
pliisss,tolong
plisssss,tolong
plissssssssss,tolong
plissss,tolong
plisssssss,tolong
plisss,tolong
plisssssssss,tolong
pliiisss,tolong
plissssssssssd,tolong
pliiiss,tolong
plizzzzz,tolong
plizzz,tolong
pllzzsszzzzzz,tolong
plsssss,tolong
plssss,tolong
plsssssss,tolong
plssssss,tolong
plsss,tolong
plsplplsss,tolong
plsssplsls,tolong
plzzzz,tolong
plzzz,tolong
tlonggg,tolong
tollonggg,tolong
pls,tolong
pliss,tolong
plis,tolong
plz,tolong
tolongin,tolong
tolonggg,tolong
tolongggg,tolong
tolooonggg,tolong
tolonggggg,tolong
tolongggggg,tolong
tolooong,tolong
toloooongggg,tolong
toloonggg,tolong
plissskasiannn,tolong kasihan
plislaahhhhh,tolong lah
tolonginnnnn,tolongin
tolonginnnn,tolongin
tolonginnn,tolongin
tolonginnnnnn,tolongin
toloongiiinn,tolongin
tolonglaaaaahhh,tolonglah
tonjokinnn,tonjokin
tootttttttttttt,tot
tooooot,tot
tottt,tot
tooottt,tot
tottttt,tot
totttt,tot
totalllll,total
toxiccc,toxic
toxiccccc,toxic
toxicnyaaaa,toxicnya
trashhhhh,trash
treatmentttt,treatment
tuuu,tu
tuuuuu,tu
tuaaa,tua
tuaaaaa,tua
tuirrrr,tua
tuhhhh,tuh
tuhhh,tuh
tuhhhhh,tuh
tuhannnn,tuhan
tuhannnnn,tuhan
tuhaaan,tuhan
tuhannn,tuhan
tuhannnnnn,tuhan
tuhann,tuhan
tuhkannn,tuhkan
tulennnn,tulen
tumbuhhh,tumbuh
tunjukinnnn,tunjukin
tuntasssss,tuntas
twittter,twiter
twitterrrrrrrrr,twitter
duitttttt,uang
duitttt,uang
duittt,uang
duuuiiittt,uang
uanggg,uang
uangggg,uang
uanggggg,uang
ubunnnn,ubun
uhuyyy,uhuy
ujiannn,ujian
ulahhhh,ulah
umpannnn,umpan
unpaiddd,unpaid
utk,untuk
untukkuuuu,untukku
uppp,up
uppppp,up
upppp,up
upppenipuu,up penipu
upillllll,upil
upsiii,upsi
urgenttt,urgent
uruuung,urung
urusinnnn,urusin
usahaaaa,usaha
resekkkk,usil
utamaaa,utama
uwww,uw
uwekkk,uwek
vardridddd,vardrid
virallll,viral
virtualll,virtual
virtuallllll,virtual
wahhhh,wah
wahhhhh,wah
waaaaaah,wah
waaah,wah
wahhh,wah
waaaahhhh,wah
wajahnyaaa,wajahnya
wajibbb,wajib
waktuuu,waktu
wktu,waktu
wkt,waktu
ealahhh,walah
walahhh,walah
wanitaaaaa,wanita
warasssss,waras
warasssssss,waras
wargaaaa,warga
wayyyy,way
weee,weh
weeee,weh
wehhh,weh
weeeehhhh,weh
weeey,weird
wettt,wet
wifinyaaaa,wifinya
wihhh,wih
wuiiih,wih
wkwkwkwk,wkwk
wkwkw,wkwk
wniii,wni
wooo,wo
weyyyy,woi
weyyyyy,woi
weeeeyyy,woi
oiiiii,woi
oyyy,woi
oyyyyyhhhhhh,woi
uyyy,woi
woeee,woi
woeyyyy,woi
woeyyy,woi
woiiii,woi
woiiiii,woi
woiii,woi
woiiiiii,woi
wwwoooooiii,woi
woihhh,woi
woittt,woi
woiuuiiiuu,woi
wooiiii,woi
wooyyyy,woi
wooyyy,woi
woyyyyyy,woi
woooyyyyyyyy,woi
woyyyy,woi
wooooyyyy,woi
woyyyyyyy,woi
woyyyyy,woi
woyyy,woi
woooyyyyyy,woi
wooooyyyu,woi
wwoiiiii,woi
woyyyybtw,woi btw
woiilaaa,woilah
woilaahhhhh,woilah
woilahhh,woilah
woilaaahh,woilah
womannnnn,woman
wooshhh,woosh
wooorsttever,worst ever
wwwwooooowwwwww,wow
wowwwwwwww,wow
woooooowwww,wow
wowww,wow
wowwww,wow
wowwwwww,wow
woooowww,wow
watdepakkkkkk,wtf
watfekkkk,wtf
wtfff,wtf
wtffffff,wtf
wtfffffff,wtf
wtffff,wtf
wtfffff,wtf
wtfuckkk,wtf
wuuuu,wu
xiaomiii,xiaomi
yyyy,ya
yaaaaa,ya
yaaaaaa,ya
yaaa,ya
yaaaa,ya
yaaaaaaa,ya
yaaaaaaaa,ya
yaa,ya
ye,ya
yawww,ya
yazzz,ya
yaaaemosi,ya emosi
yaalllah,ya tuhan
yaallaaaahhhhh,ya tuhan
yaallahhhhh,ya tuhan
yaallahhhh,ya tuhan
yaallaaahhh,ya tuhan
yaallaaahhhhhhhh,ya tuhan
yaallahhh,ya tuhan
yaallahhhhhhhhhhh,ya tuhan
yaallaaaahhh,ya tuhan
yaaallah,ya tuhan
yaaallahhh,ya tuhan
yatuhannnnn,ya tuhan
yatuhaaan,ya tuhan
yawlaaa,ya tuhan
yaampunnnn,yaampun
yaampunnn,yaampun
yaaadaa,yada
yafff,yaf
yaahhh,yah
yachhh,yah
yahhhhh,yah
yahhhh,yah
yahhh,yah
yaaah,yah
yhhh,yah
yhhhh,yah
yhaaa,yah
yahhhada,yahada
yaelaaaahhhhh,yailah
yailaahhh,yailah
yaaaini,yaini
yaakkkk,yak
yaaaak,yak
yakkk,yak
yaaak,yak
yakkkk,yak
yakinnn,yakin
yaksss,yaks
yaaampunnnnn,yampun
yg,yang
yappp,yap
yappping,yaping
yaudasiii,yaudah sih
yeee,ye
yeeee,ye
yeeeeee,ye
yehhhhhh,ye
yeuuu,ye
yeeeeeeuuuuu,ye
yeuuuhhh,ye
yeeeeuu,ye
yeahhhh,yeah
yoooo,yo
yooo,yo
dzalimmm,zalim
zolimmm,zalim
zonkkkk,zonk
